2026/07/15 20:52:21.805, 0, 805 MiB, 39636 MiB, 18 %
2026/07/15 20:52:21.809, 1, 805 MiB, 39636 MiB, 3 %
2026/07/15 20:52:22.813, 0, 805 MiB, 39636 MiB, 0 %
2026/07/15 20:52:22.813, 1, 25785 MiB, 14656 MiB, 3 %
2026/07/15 20:52:23.813, 0, 20019 MiB, 20422 MiB, 80 %
2026/07/15 20:52:23.814, 1, 25815 MiB, 14626 MiB, 100 %
2026/07/15 20:52:24.814, 0, 31991 MiB, 8450 MiB, 93 %
2026/07/15 20:52:24.814, 1, 37093 MiB, 3348 MiB, 100 %
2026/07/15 20:52:25.814, 0, 36281 MiB, 4160 MiB, 100 %
2026/07/15 20:52:25.814, 1, 37093 MiB, 3348 MiB, 99 %
2026/07/15 20:52:26.814, 0, 37711 MiB, 2730 MiB, 93 %
2026/07/15 20:52:26.815, 1, 38459 MiB, 1982 MiB, 97 %
2026/07/15 20:52:27.815, 0, 37711 MiB, 2730 MiB, 91 %
2026/07/15 20:52:27.815, 1, 38459 MiB, 1982 MiB, 97 %
2026/07/15 20:52:28.815, 0, 37711 MiB, 2730 MiB, 100 %
2026/07/15 20:52:28.815, 1, 38461 MiB, 1980 MiB, 89 %
2026/07/15 20:52:29.816, 0, 37711 MiB, 2730 MiB, 94 %
2026/07/15 20:52:29.816, 1, 26457 MiB, 13984 MiB, 100 %
2026/07/15 20:52:30.817, 0, 37711 MiB, 2730 MiB, 99 %
2026/07/15 20:52:30.817, 1, 30675 MiB, 9766 MiB, 88 %
2026/07/15 20:52:31.817, 0, 37711 MiB, 2730 MiB, 97 %
2026/07/15 20:52:31.817, 1, 30675 MiB, 9766 MiB, 92 %
2026/07/15 20:52:32.817, 0, 37711 MiB, 2730 MiB, 96 %
2026/07/15 20:52:32.817, 1, 35025 MiB, 5416 MiB, 100 %
2026/07/15 20:52:33.818, 0, 37711 MiB, 2730 MiB, 91 %
2026/07/15 20:52:33.818, 1, 35025 MiB, 5416 MiB, 96 %
2026/07/15 20:52:34.818, 0, 37711 MiB, 2730 MiB, 97 %
2026/07/15 20:52:34.818, 1, 35025 MiB, 5416 MiB, 100 %
2026/07/15 20:52:35.818, 0, 37711 MiB, 2730 MiB, 100 %
2026/07/15 20:52:35.819, 1, 35025 MiB, 5416 MiB, 97 %
2026/07/15 20:52:36.819, 0, 37711 MiB, 2730 MiB, 95 %
2026/07/15 20:52:36.819, 1, 35025 MiB, 5416 MiB, 96 %
2026/07/15 20:52:37.819, 0, 15237 MiB, 25204 MiB, 95 %
2026/07/15 20:52:37.834, 1, 35025 MiB, 5416 MiB, 92 %
2026/07/15 20:52:38.835, 0, 29545 MiB, 10896 MiB, 98 %
2026/07/15 20:52:38.835, 1, 35025 MiB, 5416 MiB, 97 %
2026/07/15 20:52:39.835, 0, 29545 MiB, 10896 MiB, 92 %
2026/07/15 20:52:39.836, 1, 35025 MiB, 5416 MiB, 88 %
2026/07/15 20:52:40.836, 0, 33741 MiB, 6700 MiB, 100 %
2026/07/15 20:52:40.836, 1, 35025 MiB, 5416 MiB, 100 %
2026/07/15 20:52:41.836, 0, 33741 MiB, 6700 MiB, 98 %
2026/07/15 20:52:41.837, 1, 35025 MiB, 5416 MiB, 96 %
2026/07/15 20:52:42.837, 0, 33741 MiB, 6700 MiB, 99 %
2026/07/15 20:52:42.837, 1, 35025 MiB, 5416 MiB, 92 %
2026/07/15 20:52:43.837, 0, 33741 MiB, 6700 MiB, 95 %
2026/07/15 20:52:43.838, 1, 35025 MiB, 5416 MiB, 86 %
2026/07/15 20:52:44.838, 0, 33741 MiB, 6700 MiB, 95 %
2026/07/15 20:52:44.838, 1, 35025 MiB, 5416 MiB, 100 %
2026/07/15 20:52:45.838, 0, 33741 MiB, 6700 MiB, 100 %
2026/07/15 20:52:45.839, 1, 35025 MiB, 5416 MiB, 96 %
2026/07/15 20:52:46.839, 0, 35111 MiB, 5330 MiB, 98 %
2026/07/15 20:52:46.839, 1, 35025 MiB, 5416 MiB, 99 %
2026/07/15 20:52:47.839, 0, 35111 MiB, 5330 MiB, 91 %
2026/07/15 20:52:47.839, 1, 35025 MiB, 5416 MiB, 94 %
2026/07/15 20:52:48.839, 0, 35111 MiB, 5330 MiB, 100 %
2026/07/15 20:52:48.840, 1, 35025 MiB, 5416 MiB, 100 %
2026/07/15 20:52:49.840, 0, 35111 MiB, 5330 MiB, 92 %
2026/07/15 20:52:49.841, 1, 36435 MiB, 4006 MiB, 94 %
2026/07/15 20:52:50.841, 0, 36525 MiB, 3916 MiB, 100 %
2026/07/15 20:52:50.841, 1, 36435 MiB, 4006 MiB, 90 %
2026/07/15 20:52:51.841, 0, 36525 MiB, 3916 MiB, 96 %
2026/07/15 20:52:51.841, 1, 36435 MiB, 4006 MiB, 100 %
2026/07/15 20:52:52.841, 0, 36525 MiB, 3916 MiB, 96 %
2026/07/15 20:52:52.842, 1, 36435 MiB, 4006 MiB, 96 %
2026/07/15 20:52:53.842, 0, 36525 MiB, 3916 MiB, 99 %
2026/07/15 20:52:53.842, 1, 36435 MiB, 4006 MiB, 91 %
2026/07/15 20:52:54.842, 0, 36525 MiB, 3916 MiB, 97 %
2026/07/15 20:52:54.842, 1, 36435 MiB, 4006 MiB, 97 %
2026/07/15 20:52:55.843, 0, 36525 MiB, 3916 MiB, 96 %
2026/07/15 20:52:55.843, 1, 36435 MiB, 4006 MiB, 97 %
2026/07/15 20:52:56.843, 0, 36525 MiB, 3916 MiB, 89 %
2026/07/15 20:52:56.843, 1, 36435 MiB, 4006 MiB, 86 %
2026/07/15 20:52:57.843, 0, 19661 MiB, 20780 MiB, 90 %
2026/07/15 20:52:57.844, 1, 36435 MiB, 4006 MiB, 90 %
2026/07/15 20:52:58.844, 0, 26983 MiB, 13458 MiB, 95 %
2026/07/15 20:52:58.844, 1, 36435 MiB, 4006 MiB, 97 %
2026/07/15 20:52:59.844, 0, 33799 MiB, 6642 MiB, 90 %
2026/07/15 20:52:59.844, 1, 36435 MiB, 4006 MiB, 88 %
2026/07/15 20:53:00.844, 0, 35259 MiB, 5182 MiB, 100 %
2026/07/15 20:53:00.845, 1, 36435 MiB, 4006 MiB, 100 %
2026/07/15 20:53:01.845, 0, 35259 MiB, 5182 MiB, 97 %
2026/07/15 20:53:01.845, 1, 36435 MiB, 4006 MiB, 97 %
2026/07/15 20:53:02.845, 0, 35259 MiB, 5182 MiB, 94 %
2026/07/15 20:53:02.845, 1, 36435 MiB, 4006 MiB, 88 %
2026/07/15 20:53:03.846, 0, 35259 MiB, 5182 MiB, 100 %
2026/07/15 20:53:03.846, 1, 36435 MiB, 4006 MiB, 100 %
2026/07/15 20:53:04.846, 0, 35259 MiB, 5182 MiB, 95 %
2026/07/15 20:53:04.846, 1, 37849 MiB, 2592 MiB, 96 %
2026/07/15 20:53:05.846, 0, 35259 MiB, 5182 MiB, 90 %
2026/07/15 20:53:05.846, 1, 37849 MiB, 2592 MiB, 87 %
2026/07/15 20:53:06.846, 0, 35259 MiB, 5182 MiB, 100 %
2026/07/15 20:53:06.847, 1, 37849 MiB, 2592 MiB, 100 %
2026/07/15 20:53:07.847, 0, 35259 MiB, 5182 MiB, 96 %
2026/07/15 20:53:07.847, 1, 37849 MiB, 2592 MiB, 94 %
2026/07/15 20:53:08.847, 0, 35259 MiB, 5182 MiB, 97 %
2026/07/15 20:53:08.847, 1, 37849 MiB, 2592 MiB, 95 %
2026/07/15 20:53:09.847, 0, 35259 MiB, 5182 MiB, 91 %
2026/07/15 20:53:09.848, 1, 37849 MiB, 2592 MiB, 93 %
2026/07/15 20:53:10.848, 0, 35259 MiB, 5182 MiB, 100 %
2026/07/15 20:53:10.848, 1, 37849 MiB, 2592 MiB, 100 %
2026/07/15 20:53:11.848, 0, 35259 MiB, 5182 MiB, 96 %
2026/07/15 20:53:11.848, 1, 37849 MiB, 2592 MiB, 97 %
2026/07/15 20:53:12.849, 0, 35259 MiB, 5182 MiB, 98 %
2026/07/15 20:53:12.849, 1, 37849 MiB, 2592 MiB, 95 %
2026/07/15 20:53:13.849, 0, 35259 MiB, 5182 MiB, 97 %
2026/07/15 20:53:13.849, 1, 37849 MiB, 2592 MiB, 87 %
2026/07/15 20:53:14.849, 0, 35259 MiB, 5182 MiB, 95 %
2026/07/15 20:53:14.849, 1, 37849 MiB, 2592 MiB, 100 %
2026/07/15 20:53:15.850, 0, 35259 MiB, 5182 MiB, 89 %
2026/07/15 20:53:15.850, 1, 37849 MiB, 2592 MiB, 87 %
2026/07/15 20:53:16.850, 0, 35259 MiB, 5182 MiB, 100 %
2026/07/15 20:53:16.851, 1, 37849 MiB, 2592 MiB, 100 %
2026/07/15 20:53:17.851, 0, 35259 MiB, 5182 MiB, 95 %
2026/07/15 20:53:17.851, 1, 37849 MiB, 2592 MiB, 96 %
2026/07/15 20:53:18.851, 0, 35259 MiB, 5182 MiB, 91 %
2026/07/15 20:53:18.852, 1, 37849 MiB, 2592 MiB, 87 %
2026/07/15 20:53:19.852, 0, 35259 MiB, 5182 MiB, 100 %
2026/07/15 20:53:19.852, 1, 37849 MiB, 2592 MiB, 94 %
2026/07/15 20:53:20.852, 0, 35259 MiB, 5182 MiB, 95 %
2026/07/15 20:53:20.853, 1, 37849 MiB, 2592 MiB, 100 %
2026/07/15 20:53:21.853, 0, 35259 MiB, 5182 MiB, 95 %
2026/07/15 20:53:21.853, 1, 37849 MiB, 2592 MiB, 96 %
2026/07/15 20:53:22.853, 0, 35259 MiB, 5182 MiB, 92 %
2026/07/15 20:53:22.854, 1, 37849 MiB, 2592 MiB, 88 %
2026/07/15 20:53:23.854, 0, 35259 MiB, 5182 MiB, 100 %
2026/07/15 20:53:23.854, 1, 37849 MiB, 2592 MiB, 100 %
2026/07/15 20:53:24.854, 0, 35259 MiB, 5182 MiB, 97 %
2026/07/15 20:53:24.855, 1, 37849 MiB, 2592 MiB, 99 %
2026/07/15 20:53:25.855, 0, 35259 MiB, 5182 MiB, 96 %
2026/07/15 20:53:25.855, 1, 37849 MiB, 2592 MiB, 96 %
2026/07/15 20:53:26.856, 0, 35259 MiB, 5182 MiB, 88 %
2026/07/15 20:53:26.856, 1, 37849 MiB, 2592 MiB, 87 %
2026/07/15 20:53:27.856, 0, 35259 MiB, 5182 MiB, 100 %
2026/07/15 20:53:27.856, 1, 37849 MiB, 2592 MiB, 100 %
2026/07/15 20:53:28.856, 0, 35259 MiB, 5182 MiB, 97 %
2026/07/15 20:53:28.857, 1, 37849 MiB, 2592 MiB, 96 %
2026/07/15 20:53:29.857, 0, 35259 MiB, 5182 MiB, 89 %
2026/07/15 20:53:29.857, 1, 37849 MiB, 2592 MiB, 88 %
2026/07/15 20:53:30.857, 0, 35259 MiB, 5182 MiB, 97 %
2026/07/15 20:53:30.858, 1, 37849 MiB, 2592 MiB, 87 %
2026/07/15 20:53:31.858, 0, 35259 MiB, 5182 MiB, 96 %
2026/07/15 20:53:31.858, 1, 37849 MiB, 2592 MiB, 100 %
2026/07/15 20:53:32.858, 0, 35259 MiB, 5182 MiB, 88 %
2026/07/15 20:53:32.859, 1, 37849 MiB, 2592 MiB, 96 %
2026/07/15 20:53:33.859, 0, 35259 MiB, 5182 MiB, 96 %
2026/07/15 20:53:33.859, 1, 37849 MiB, 2592 MiB, 88 %
2026/07/15 20:53:34.859, 0, 35259 MiB, 5182 MiB, 95 %
2026/07/15 20:53:34.859, 1, 37849 MiB, 2592 MiB, 100 %
2026/07/15 20:53:35.859, 0, 35259 MiB, 5182 MiB, 100 %
2026/07/15 20:53:35.860, 1, 37849 MiB, 2592 MiB, 86 %
2026/07/15 20:53:36.860, 0, 35259 MiB, 5182 MiB, 96 %
2026/07/15 20:53:36.860, 1, 37849 MiB, 2592 MiB, 100 %
2026/07/15 20:53:37.860, 0, 35259 MiB, 5182 MiB, 95 %
2026/07/15 20:53:37.861, 1, 37849 MiB, 2592 MiB, 97 %
2026/07/15 20:53:38.861, 0, 35259 MiB, 5182 MiB, 91 %
2026/07/15 20:53:38.861, 1, 37849 MiB, 2592 MiB, 92 %
2026/07/15 20:53:39.861, 0, 35259 MiB, 5182 MiB, 100 %
2026/07/15 20:53:39.861, 1, 37849 MiB, 2592 MiB, 88 %
2026/07/15 20:53:40.861, 0, 35259 MiB, 5182 MiB, 95 %
2026/07/15 20:53:40.862, 1, 37849 MiB, 2592 MiB, 100 %
2026/07/15 20:53:41.862, 0, 35259 MiB, 5182 MiB, 91 %
2026/07/15 20:53:41.862, 1, 37849 MiB, 2592 MiB, 100 %
2026/07/15 20:53:42.862, 0, 35259 MiB, 5182 MiB, 100 %
2026/07/15 20:53:42.862, 1, 37849 MiB, 2592 MiB, 89 %
2026/07/15 20:53:43.863, 0, 35259 MiB, 5182 MiB, 97 %
2026/07/15 20:53:43.863, 1, 37849 MiB, 2592 MiB, 100 %
2026/07/15 20:53:44.863, 0, 35259 MiB, 5182 MiB, 93 %
2026/07/15 20:53:44.863, 1, 37849 MiB, 2592 MiB, 97 %
2026/07/15 20:53:45.863, 0, 35259 MiB, 5182 MiB, 89 %
2026/07/15 20:53:45.864, 1, 37849 MiB, 2592 MiB, 91 %
2026/07/15 20:53:46.864, 0, 35259 MiB, 5182 MiB, 100 %
2026/07/15 20:53:46.864, 1, 37849 MiB, 2592 MiB, 100 %
2026/07/15 20:53:47.864, 0, 35259 MiB, 5182 MiB, 88 %
2026/07/15 20:53:47.865, 1, 37849 MiB, 2592 MiB, 96 %
2026/07/15 20:53:48.865, 0, 35259 MiB, 5182 MiB, 87 %
2026/07/15 20:53:48.865, 1, 37849 MiB, 2592 MiB, 88 %
2026/07/15 20:53:49.865, 0, 35259 MiB, 5182 MiB, 100 %
2026/07/15 20:53:49.865, 1, 37849 MiB, 2592 MiB, 100 %
2026/07/15 20:53:50.866, 0, 35259 MiB, 5182 MiB, 96 %
2026/07/15 20:53:50.866, 1, 37849 MiB, 2592 MiB, 100 %
2026/07/15 20:53:51.866, 0, 35259 MiB, 5182 MiB, 89 %
2026/07/15 20:53:51.866, 1, 37849 MiB, 2592 MiB, 96 %
2026/07/15 20:53:52.867, 0, 35259 MiB, 5182 MiB, 100 %
2026/07/15 20:53:52.867, 1, 37849 MiB, 2592 MiB, 88 %
2026/07/15 20:53:53.867, 0, 35259 MiB, 5182 MiB, 96 %
2026/07/15 20:53:53.867, 1, 37849 MiB, 2592 MiB, 100 %
2026/07/15 20:53:54.867, 0, 35259 MiB, 5182 MiB, 94 %
2026/07/15 20:53:54.868, 1, 37849 MiB, 2592 MiB, 88 %
2026/07/15 20:53:55.868, 0, 35259 MiB, 5182 MiB, 93 %
2026/07/15 20:53:55.868, 1, 37849 MiB, 2592 MiB, 100 %
2026/07/15 20:53:56.868, 0, 35259 MiB, 5182 MiB, 100 %
2026/07/15 20:53:56.868, 1, 37849 MiB, 2592 MiB, 96 %
2026/07/15 20:53:57.869, 0, 35259 MiB, 5182 MiB, 90 %
2026/07/15 20:53:57.869, 1, 37849 MiB, 2592 MiB, 86 %
2026/07/15 20:53:58.869, 0, 35259 MiB, 5182 MiB, 100 %
2026/07/15 20:53:58.869, 1, 37849 MiB, 2592 MiB, 90 %
2026/07/15 20:53:59.869, 0, 35259 MiB, 5182 MiB, 95 %
2026/07/15 20:53:59.870, 1, 37849 MiB, 2592 MiB, 100 %
2026/07/15 20:54:00.870, 0, 35259 MiB, 5182 MiB, 93 %
2026/07/15 20:54:00.871, 1, 37849 MiB, 2592 MiB, 97 %
2026/07/15 20:54:01.871, 0, 35259 MiB, 5182 MiB, 95 %
2026/07/15 20:54:01.871, 1, 37849 MiB, 2592 MiB, 90 %
2026/07/15 20:54:02.871, 0, 35259 MiB, 5182 MiB, 99 %
2026/07/15 20:54:02.871, 1, 37849 MiB, 2592 MiB, 92 %
2026/07/15 20:54:03.872, 0, 35259 MiB, 5182 MiB, 96 %
2026/07/15 20:54:03.872, 1, 37849 MiB, 2592 MiB, 96 %
2026/07/15 20:54:04.872, 0, 35259 MiB, 5182 MiB, 92 %
2026/07/15 20:54:04.872, 1, 37849 MiB, 2592 MiB, 98 %
2026/07/15 20:54:05.872, 0, 35259 MiB, 5182 MiB, 100 %
2026/07/15 20:54:05.872, 1, 37849 MiB, 2592 MiB, 87 %
2026/07/15 20:54:06.873, 0, 35259 MiB, 5182 MiB, 97 %
2026/07/15 20:54:06.873, 1, 37849 MiB, 2592 MiB, 100 %
2026/07/15 20:54:07.873, 0, 35259 MiB, 5182 MiB, 95 %
2026/07/15 20:54:07.873, 1, 37849 MiB, 2592 MiB, 97 %
2026/07/15 20:54:08.873, 0, 35259 MiB, 5182 MiB, 90 %
2026/07/15 20:54:08.874, 1, 37849 MiB, 2592 MiB, 97 %
2026/07/15 20:54:09.874, 0, 35259 MiB, 5182 MiB, 100 %
2026/07/15 20:54:09.874, 1, 37849 MiB, 2592 MiB, 86 %
2026/07/15 20:54:10.874, 0, 35259 MiB, 5182 MiB, 96 %
2026/07/15 20:54:10.874, 1, 37849 MiB, 2592 MiB, 100 %
2026/07/15 20:54:11.874, 0, 35259 MiB, 5182 MiB, 89 %
2026/07/15 20:54:11.875, 1, 37849 MiB, 2592 MiB, 97 %
2026/07/15 20:54:12.875, 0, 35259 MiB, 5182 MiB, 95 %
2026/07/15 20:54:12.875, 1, 37849 MiB, 2592 MiB, 90 %
2026/07/15 20:54:13.875, 0, 35259 MiB, 5182 MiB, 97 %
2026/07/15 20:54:13.875, 1, 37849 MiB, 2592 MiB, 96 %
2026/07/15 20:54:14.875, 0, 35259 MiB, 5182 MiB, 96 %
2026/07/15 20:54:14.876, 1, 37849 MiB, 2592 MiB, 98 %
2026/07/15 20:54:15.876, 0, 35259 MiB, 5182 MiB, 90 %
2026/07/15 20:54:15.876, 1, 37849 MiB, 2592 MiB, 96 %
2026/07/15 20:54:16.876, 0, 35259 MiB, 5182 MiB, 96 %
2026/07/15 20:54:16.876, 1, 37849 MiB, 2592 MiB, 98 %
2026/07/15 20:54:17.876, 0, 35259 MiB, 5182 MiB, 96 %
2026/07/15 20:54:17.877, 1, 37849 MiB, 2592 MiB, 96 %
2026/07/15 20:54:18.877, 0, 35259 MiB, 5182 MiB, 90 %
2026/07/15 20:54:18.877, 1, 37849 MiB, 2592 MiB, 89 %
2026/07/15 20:54:19.877, 0, 35259 MiB, 5182 MiB, 100 %
2026/07/15 20:54:19.877, 1, 37849 MiB, 2592 MiB, 100 %
2026/07/15 20:54:20.877, 0, 35259 MiB, 5182 MiB, 97 %
2026/07/15 20:54:20.878, 1, 37849 MiB, 2592 MiB, 96 %
2026/07/15 20:54:21.878, 0, 35261 MiB, 5180 MiB, 97 %
2026/07/15 20:54:21.878, 1, 37849 MiB, 2592 MiB, 97 %
2026/07/15 20:54:22.878, 0, 35261 MiB, 5180 MiB, 95 %
2026/07/15 20:54:22.878, 1, 37849 MiB, 2592 MiB, 100 %
2026/07/15 20:54:23.878, 0, 35261 MiB, 5180 MiB, 97 %
2026/07/15 20:54:23.879, 1, 37849 MiB, 2592 MiB, 100 %
2026/07/15 20:54:24.879, 0, 35261 MiB, 5180 MiB, 89 %
2026/07/15 20:54:24.879, 1, 37849 MiB, 2592 MiB, 97 %
2026/07/15 20:54:25.879, 0, 35261 MiB, 5180 MiB, 100 %
2026/07/15 20:54:25.879, 1, 37849 MiB, 2592 MiB, 89 %
2026/07/15 20:54:26.879, 0, 35261 MiB, 5180 MiB, 98 %
2026/07/15 20:54:26.880, 1, 37849 MiB, 2592 MiB, 100 %
2026/07/15 20:54:27.880, 0, 35261 MiB, 5180 MiB, 73 %
2026/07/15 20:54:27.880, 1, 37849 MiB, 2592 MiB, 92 %
2026/07/15 20:54:28.880, 0, 35261 MiB, 5180 MiB, 96 %
2026/07/15 20:54:28.880, 1, 37849 MiB, 2592 MiB, 91 %
2026/07/15 20:54:29.880, 0, 35261 MiB, 5180 MiB, 93 %
2026/07/15 20:54:29.881, 1, 37849 MiB, 2592 MiB, 100 %
2026/07/15 20:54:30.881, 0, 35261 MiB, 5180 MiB, 94 %
2026/07/15 20:54:30.881, 1, 37849 MiB, 2592 MiB, 97 %
2026/07/15 20:54:31.881, 0, 35261 MiB, 5180 MiB, 99 %
2026/07/15 20:54:31.881, 1, 37849 MiB, 2592 MiB, 92 %
2026/07/15 20:54:32.882, 0, 35261 MiB, 5180 MiB, 97 %
2026/07/15 20:54:32.882, 1, 37849 MiB, 2592 MiB, 100 %
2026/07/15 20:54:33.882, 0, 35261 MiB, 5180 MiB, 96 %
2026/07/15 20:54:33.882, 1, 37849 MiB, 2592 MiB, 100 %
2026/07/15 20:54:34.882, 0, 35261 MiB, 5180 MiB, 93 %
2026/07/15 20:54:34.883, 1, 37849 MiB, 2592 MiB, 86 %
2026/07/15 20:54:35.883, 0, 35261 MiB, 5180 MiB, 96 %
2026/07/15 20:54:35.883, 1, 37849 MiB, 2592 MiB, 100 %
2026/07/15 20:54:36.883, 0, 35261 MiB, 5180 MiB, 96 %
2026/07/15 20:54:36.883, 1, 37849 MiB, 2592 MiB, 96 %
2026/07/15 20:54:37.883, 0, 35261 MiB, 5180 MiB, 86 %
2026/07/15 20:54:37.884, 1, 37849 MiB, 2592 MiB, 88 %
2026/07/15 20:54:38.884, 0, 35261 MiB, 5180 MiB, 100 %
2026/07/15 20:54:38.884, 1, 37849 MiB, 2592 MiB, 100 %
2026/07/15 20:54:39.884, 0, 35261 MiB, 5180 MiB, 97 %
2026/07/15 20:54:39.884, 1, 37849 MiB, 2592 MiB, 97 %
2026/07/15 20:54:40.884, 0, 35261 MiB, 5180 MiB, 89 %
2026/07/15 20:54:40.885, 1, 37849 MiB, 2592 MiB, 97 %
2026/07/15 20:54:41.885, 0, 35261 MiB, 5180 MiB, 95 %
2026/07/15 20:54:41.885, 1, 37849 MiB, 2592 MiB, 90 %
2026/07/15 20:54:42.885, 0, 35261 MiB, 5180 MiB, 100 %
2026/07/15 20:54:42.885, 1, 37849 MiB, 2592 MiB, 100 %
2026/07/15 20:54:43.886, 0, 35261 MiB, 5180 MiB, 97 %
2026/07/15 20:54:43.886, 1, 37849 MiB, 2592 MiB, 98 %
2026/07/15 20:54:44.886, 0, 35261 MiB, 5180 MiB, 90 %
2026/07/15 20:54:44.886, 1, 37849 MiB, 2592 MiB, 87 %
2026/07/15 20:54:45.886, 0, 35261 MiB, 5180 MiB, 98 %
2026/07/15 20:54:45.887, 1, 37849 MiB, 2592 MiB, 88 %
2026/07/15 20:54:46.887, 0, 35261 MiB, 5180 MiB, 87 %
2026/07/15 20:54:46.888, 1, 37849 MiB, 2592 MiB, 100 %
2026/07/15 20:54:47.888, 0, 35261 MiB, 5180 MiB, 95 %
2026/07/15 20:54:47.888, 1, 37849 MiB, 2592 MiB, 97 %
2026/07/15 20:54:48.889, 0, 35261 MiB, 5180 MiB, 100 %
2026/07/15 20:54:48.889, 1, 37849 MiB, 2592 MiB, 90 %
2026/07/15 20:54:49.889, 0, 35261 MiB, 5180 MiB, 97 %
2026/07/15 20:54:49.889, 1, 37849 MiB, 2592 MiB, 95 %
2026/07/15 20:54:50.889, 0, 35261 MiB, 5180 MiB, 88 %
2026/07/15 20:54:50.889, 1, 37849 MiB, 2592 MiB, 95 %
2026/07/15 20:54:51.890, 0, 35261 MiB, 5180 MiB, 100 %
2026/07/15 20:54:51.891, 1, 37849 MiB, 2592 MiB, 97 %
2026/07/15 20:54:52.891, 0, 35261 MiB, 5180 MiB, 97 %
2026/07/15 20:54:52.891, 1, 37849 MiB, 2592 MiB, 96 %
2026/07/15 20:54:53.891, 0, 35261 MiB, 5180 MiB, 98 %
2026/07/15 20:54:53.891, 1, 37849 MiB, 2592 MiB, 94 %
2026/07/15 20:54:54.891, 0, 35261 MiB, 5180 MiB, 88 %
2026/07/15 20:54:54.892, 1, 37849 MiB, 2592 MiB, 91 %
2026/07/15 20:54:55.892, 0, 35261 MiB, 5180 MiB, 100 %
2026/07/15 20:54:55.892, 1, 37849 MiB, 2592 MiB, 100 %
2026/07/15 20:54:56.892, 0, 35261 MiB, 5180 MiB, 99 %
2026/07/15 20:54:56.893, 1, 37849 MiB, 2592 MiB, 96 %
2026/07/15 20:54:57.893, 0, 35261 MiB, 5180 MiB, 90 %
2026/07/15 20:54:57.893, 1, 37849 MiB, 2592 MiB, 90 %
2026/07/15 20:54:58.893, 0, 35261 MiB, 5180 MiB, 100 %
2026/07/15 20:54:58.894, 1, 37849 MiB, 2592 MiB, 100 %
2026/07/15 20:54:59.894, 0, 35261 MiB, 5180 MiB, 96 %
2026/07/15 20:54:59.894, 1, 37849 MiB, 2592 MiB, 97 %
2026/07/15 20:55:00.894, 0, 35261 MiB, 5180 MiB, 95 %
2026/07/15 20:55:00.894, 1, 37849 MiB, 2592 MiB, 100 %
2026/07/15 20:55:01.894, 0, 35261 MiB, 5180 MiB, 89 %
2026/07/15 20:55:01.895, 1, 37849 MiB, 2592 MiB, 91 %
2026/07/15 20:55:02.895, 0, 35261 MiB, 5180 MiB, 100 %
2026/07/15 20:55:02.896, 1, 37849 MiB, 2592 MiB, 100 %
2026/07/15 20:55:03.896, 0, 35261 MiB, 5180 MiB, 95 %
2026/07/15 20:55:03.896, 1, 37849 MiB, 2592 MiB, 96 %
2026/07/15 20:55:04.896, 0, 35261 MiB, 5180 MiB, 90 %
2026/07/15 20:55:04.896, 1, 37849 MiB, 2592 MiB, 90 %
2026/07/15 20:55:05.896, 0, 35261 MiB, 5180 MiB, 100 %
2026/07/15 20:55:05.897, 1, 37849 MiB, 2592 MiB, 95 %
2026/07/15 20:55:06.897, 0, 35261 MiB, 5180 MiB, 93 %
2026/07/15 20:55:06.897, 1, 37849 MiB, 2592 MiB, 97 %
2026/07/15 20:55:07.897, 0, 35261 MiB, 5180 MiB, 100 %
2026/07/15 20:55:07.897, 1, 37849 MiB, 2592 MiB, 100 %
2026/07/15 20:55:08.898, 0, 35261 MiB, 5180 MiB, 95 %
2026/07/15 20:55:08.898, 1, 37849 MiB, 2592 MiB, 79 %
2026/07/15 20:55:09.898, 0, 35261 MiB, 5180 MiB, 90 %
2026/07/15 20:55:09.898, 1, 37849 MiB, 2592 MiB, 96 %
2026/07/15 20:55:10.898, 0, 35261 MiB, 5180 MiB, 100 %
2026/07/15 20:55:10.898, 1, 37849 MiB, 2592 MiB, 88 %
2026/07/15 20:55:11.899, 0, 35261 MiB, 5180 MiB, 96 %
2026/07/15 20:55:11.899, 1, 37849 MiB, 2592 MiB, 87 %
2026/07/15 20:55:12.899, 0, 35261 MiB, 5180 MiB, 97 %
2026/07/15 20:55:12.899, 1, 37849 MiB, 2592 MiB, 95 %
2026/07/15 20:55:13.899, 0, 35261 MiB, 5180 MiB, 94 %
2026/07/15 20:55:13.900, 1, 37849 MiB, 2592 MiB, 91 %
2026/07/15 20:55:14.900, 0, 35261 MiB, 5180 MiB, 100 %
2026/07/15 20:55:14.900, 1, 37849 MiB, 2592 MiB, 89 %
2026/07/15 20:55:15.900, 0, 35261 MiB, 5180 MiB, 96 %
2026/07/15 20:55:15.900, 1, 37849 MiB, 2592 MiB, 100 %
2026/07/15 20:55:16.901, 0, 35261 MiB, 5180 MiB, 96 %
2026/07/15 20:55:16.901, 1, 37849 MiB, 2592 MiB, 96 %
2026/07/15 20:55:17.901, 0, 35261 MiB, 5180 MiB, 96 %
2026/07/15 20:55:17.902, 1, 37849 MiB, 2592 MiB, 96 %
2026/07/15 20:55:18.902, 0, 35261 MiB, 5180 MiB, 93 %
2026/07/15 20:55:18.902, 1, 37849 MiB, 2592 MiB, 88 %
2026/07/15 20:55:19.902, 0, 35261 MiB, 5180 MiB, 100 %
2026/07/15 20:55:19.902, 1, 37849 MiB, 2592 MiB, 100 %
2026/07/15 20:55:20.903, 0, 35261 MiB, 5180 MiB, 97 %
2026/07/15 20:55:20.903, 1, 37849 MiB, 2592 MiB, 99 %
2026/07/15 20:55:21.903, 0, 35261 MiB, 5180 MiB, 95 %
2026/07/15 20:55:21.903, 1, 37849 MiB, 2592 MiB, 96 %
2026/07/15 20:55:22.903, 0, 35261 MiB, 5180 MiB, 96 %
2026/07/15 20:55:22.903, 1, 37849 MiB, 2592 MiB, 91 %
2026/07/15 20:55:23.904, 0, 35261 MiB, 5180 MiB, 100 %
2026/07/15 20:55:23.904, 1, 37849 MiB, 2592 MiB, 90 %
2026/07/15 20:55:24.904, 0, 35261 MiB, 5180 MiB, 100 %
2026/07/15 20:55:24.904, 1, 37849 MiB, 2592 MiB, 100 %
2026/07/15 20:55:25.904, 0, 35261 MiB, 5180 MiB, 97 %
2026/07/15 20:55:25.904, 1, 37849 MiB, 2592 MiB, 96 %
2026/07/15 20:55:26.904, 0, 35261 MiB, 5180 MiB, 96 %
2026/07/15 20:55:26.905, 1, 37849 MiB, 2592 MiB, 98 %
2026/07/15 20:55:27.905, 0, 35261 MiB, 5180 MiB, 96 %
2026/07/15 20:55:27.906, 1, 37849 MiB, 2592 MiB, 90 %
2026/07/15 20:55:28.906, 0, 35261 MiB, 5180 MiB, 100 %
2026/07/15 20:55:28.906, 1, 37849 MiB, 2592 MiB, 89 %
2026/07/15 20:55:29.906, 0, 35261 MiB, 5180 MiB, 96 %
2026/07/15 20:55:29.906, 1, 37849 MiB, 2592 MiB, 100 %
2026/07/15 20:55:30.906, 0, 35261 MiB, 5180 MiB, 96 %
2026/07/15 20:55:30.907, 1, 37849 MiB, 2592 MiB, 97 %
2026/07/15 20:55:31.907, 0, 35261 MiB, 5180 MiB, 100 %
2026/07/15 20:55:31.907, 1, 37849 MiB, 2592 MiB, 96 %
2026/07/15 20:55:32.907, 0, 35261 MiB, 5180 MiB, 95 %
2026/07/15 20:55:32.907, 1, 37849 MiB, 2592 MiB, 100 %
2026/07/15 20:55:33.907, 0, 35261 MiB, 5180 MiB, 95 %
2026/07/15 20:55:33.908, 1, 37849 MiB, 2592 MiB, 97 %
2026/07/15 20:55:34.908, 0, 35261 MiB, 5180 MiB, 96 %
2026/07/15 20:55:34.908, 1, 37849 MiB, 2592 MiB, 95 %
2026/07/15 20:55:35.908, 0, 35261 MiB, 5180 MiB, 97 %
2026/07/15 20:55:35.908, 1, 37849 MiB, 2592 MiB, 88 %
2026/07/15 20:55:36.908, 0, 35261 MiB, 5180 MiB, 100 %
2026/07/15 20:55:36.909, 1, 37849 MiB, 2592 MiB, 100 %
2026/07/15 20:55:37.909, 0, 35261 MiB, 5180 MiB, 95 %
2026/07/15 20:55:37.909, 1, 37849 MiB, 2592 MiB, 97 %
2026/07/15 20:55:38.910, 0, 35261 MiB, 5180 MiB, 94 %
2026/07/15 20:55:38.910, 1, 37849 MiB, 2592 MiB, 97 %
2026/07/15 20:55:39.910, 0, 35261 MiB, 5180 MiB, 100 %
2026/07/15 20:55:39.910, 1, 37849 MiB, 2592 MiB, 89 %
2026/07/15 20:55:40.910, 0, 35261 MiB, 5180 MiB, 100 %
2026/07/15 20:55:40.910, 1, 37849 MiB, 2592 MiB, 90 %
2026/07/15 20:55:41.911, 0, 35261 MiB, 5180 MiB, 96 %
2026/07/15 20:55:41.911, 1, 37849 MiB, 2592 MiB, 100 %
2026/07/15 20:55:42.911, 0, 35261 MiB, 5180 MiB, 95 %
2026/07/15 20:55:42.911, 1, 37849 MiB, 2592 MiB, 97 %
2026/07/15 20:55:43.911, 0, 35261 MiB, 5180 MiB, 97 %
2026/07/15 20:55:43.911, 1, 37849 MiB, 2592 MiB, 86 %
2026/07/15 20:55:44.912, 0, 35261 MiB, 5180 MiB, 100 %
2026/07/15 20:55:44.912, 1, 37849 MiB, 2592 MiB, 100 %
2026/07/15 20:55:45.912, 0, 35261 MiB, 5180 MiB, 97 %
2026/07/15 20:55:45.912, 1, 37849 MiB, 2592 MiB, 100 %
2026/07/15 20:55:46.912, 0, 35261 MiB, 5180 MiB, 96 %
2026/07/15 20:55:46.912, 1, 37849 MiB, 2592 MiB, 97 %
2026/07/15 20:55:47.913, 0, 35261 MiB, 5180 MiB, 99 %
2026/07/15 20:55:47.913, 1, 37849 MiB, 2592 MiB, 89 %
