protein_id,n_verts,n_violations,violation_frac,n_violations_in_query,max_abs_esp_overall,max_abs_esp_violation,max_abs_esp_clean,max_penetration_A
AF-P42089-F1,22726,34,0.0014960837806917188,3,52.74891662597656,18.37763023376465,52.74891662597656,1.2861386538762325
AF-O29026-F1,35596,53,0.0014889313406000674,7,49.36284255981445,45.04550552368164,49.36284255981445,1.6841783785669335
AF-Q2YWY1-F1,39172,56,0.0014295925661186562,7,118.43465423583984,118.43465423583984,21.359153747558594,1.4411725181511112
AF-O23179-2-F1,46225,54,0.0011681990265008113,9,115.16690826416016,115.16690826416016,16.530929565429688,1.6475447526037752
AF-Q96DR4-2-F1,25524,28,0.001097006738755681,5,78.17955017089844,78.17955017089844,13.513080596923828,0.9610427960675423
AF-P0CG36-F1,48796,40,0.0008197393228953193,5,15.91033935546875,15.91033935546875,14.991741180419922,1.5118908160412086
AF-A0A8M1PIL7-F1,64449,49,0.000760291082871728,7,35.96104049682617,27.313074111938477,35.96104049682617,1.4372714104810353
AF-Q9LDE1-F1,67706,47,0.0006941777685877175,10,17.464780807495117,17.464780807495117,12.40216064453125,1.3565802945280678
AF-Q9DC48-F1,86797,46,0.0005299722340633893,9,36.5039176940918,36.5039176940918,16.092987060546875,1.6281177132556506
AF-Q556N5-F1,49727,26,0.0005228547871377723,5,12.092291831970215,11.623790740966797,12.092291831970215,1.337583087343431
AF-Q1PF20-F1,43326,22,0.000507778239394359,4,28.021032333374023,18.31366729736328,28.021032333374023,0.8013719726153892
AF-Q86TI2-2-F1,106996,52,0.00048599947661594824,10,39.13117218017578,36.38254165649414,39.13117218017578,1.3545450023727619
AF-Q6ZWJ1-2-F1,52131,24,0.00046037866144904186,3,27.60975456237793,27.60975456237793,18.481721878051758,0.8400226436421867
AF-O35685-F1,62320,28,0.0004492939666238768,5,19.486658096313477,19.486658096313477,11.819321632385254,1.0674747430247513
AF-Q149C2-F1,132865,59,0.0004440597599066722,7,107.58283996582031,107.58283996582031,12.503218650817871,1.3737328072478712
AF-A7M6E8-F1,89449,39,0.00043600263837493994,4,24.935209274291992,24.633522033691406,24.935209274291992,0.9359149418353041
AF-Q9Y2G2-F1,87339,38,0.000435086273028086,6,31.202131271362305,21.89999008178711,31.202131271362305,1.6736942339846146
AF-Q9SX62-F1,108403,45,0.00041511766279531007,5,37.10264587402344,37.10264587402344,28.824840545654297,1.4162747556408808
AF-P05524-F1,43018,13,0.0003021990794551118,3,24.8381290435791,24.8381290435791,19.268831253051758,1.1892854179492616
AF-P70473-F1,50076,14,0.0002795750459301861,2,13.83370590209961,12.370661735534668,13.83370590209961,0.6913627174713326
AF-P0DJ29-F1,90326,23,0.0002546332174567677,5,54.262699127197266,54.262699127197266,16.307340621948242,1.2057449682869104
AF-P06608-F1,40130,10,0.00024919013207077,2,17.42463493347168,5.9445929527282715,17.42463493347168,0.6551673529540734
AF-Q9Y091-2-F1,90956,22,0.00024187519240072123,3,25.058835983276367,25.058835983276367,23.470684051513672,1.1076543460560482
AF-A8WJR8-F1,149909,35,0.00023347497481805628,6,46.729618072509766,46.729618072509766,31.985055923461914,0.9165034184038867
AF-F4JCB3-F1,125863,28,0.00022246410779975053,4,16.537425994873047,11.681703567504883,16.537425994873047,1.044763963498881
AF-Q9HCS4-F1,131810,26,0.00019725362263864652,5,15.388307571411133,15.388307571411133,15.370643615722656,1.0042634554010808
AF-Q9UK96-F1,134079,25,0.0001864572378970607,7,21.786087036132812,18.443634033203125,21.786087036132812,0.9515679972329365
AF-O02751-F1,111208,20,0.0001798431767498741,3,20.210172653198242,20.210172653198242,12.693066596984863,0.9036983583500384
AF-B4JYN3-F1,180972,28,0.0001547200671927149,3,17.928955078125,17.928955078125,15.662915229797363,1.0554843218417318
AF-Q9USS2-F1,168108,26,0.00015466247888262308,6,20.3194637298584,11.352961540222168,20.3194637298584,0.6165672498759389
AF-Q9LQX5-F1,78514,12,0.0001528389841302188,4,16.560474395751953,16.560474395751953,14.843462944030762,0.9578339047046868
AF-H2KY86-F1,127567,18,0.000141102322701012,4,32.18270492553711,32.18270492553711,30.621110916137695,1.3993901336225583
AF-Q61823-F1,79573,11,0.00013823784449499201,1,19.246929168701172,10.819879531860352,19.246929168701172,1.1706082964532154
AF-Q9H4X1-2-F1,25506,3,0.00011761938367442955,2,13.721954345703125,13.721954345703125,10.752595901489258,0.13016416700637068
AF-Q8BG26-2-F1,71801,8,0.00011141906101586329,0,27.06391143798828,15.316638946533203,27.06391143798828,0.3629963047214587
AF-A0A0P0WGX7-F1,163608,18,0.0001100190699721285,2,31.552196502685547,19.467498779296875,31.552196502685547,1.1809822287760823
AF-Q9Y7R4-F1,185883,20,0.00010759456217082789,2,35.8808708190918,29.43256378173828,35.8808708190918,1.3930664216291855
AF-Q13164-2-F1,125256,12,9.580379383023568e-05,1,27.615800857543945,14.25817584991455,27.615800857543945,0.5325445636564654
AF-O22224-F1,125692,12,9.547146994239887e-05,2,20.707378387451172,20.707378387451172,16.0173282623291,0.4969095753871515
AF-A0A7M4BDQ2-F1,118687,11,9.268074852342716e-05,3,12.715385437011719,10.806368827819824,12.715385437011719,1.406794937846553
AF-B2D6K9-3-F1,108960,9,8.259911894273127e-05,1,24.63037109375,19.68729019165039,24.63037109375,0.7720676492563668
AF-Q5EBA1-F1,111433,9,8.076602083763338e-05,2,48.197017669677734,48.197017669677734,37.04881286621094,0.8819525980776
AF-Q5R7R9-F1,123914,9,7.263101828687638e-05,3,16.19820785522461,11.491564750671387,16.19820785522461,0.573158863942237
AF-Q07916-1-F1,57237,4,6.988486468543076e-05,3,14.644109725952148,2.625408411026001,14.644109725952148,0.6142274458749744
AF-A7MBH5-F1,133215,8,6.005329730135495e-05,0,12.818382263183594,12.818382263183594,12.127775192260742,0.7885317956974157
AF-Q99J39-2-F1,58603,3,5.119191850246574e-05,2,16.053556442260742,8.402816772460938,16.053556442260742,0.05135438601442388
AF-P95690-F1,107008,5,4.672547846889952e-05,2,28.63827133178711,19.062801361083984,28.63827133178711,0.4398175024627421
AF-Q99207-F1,152640,7,4.585953878406709e-05,3,23.6595458984375,23.6595458984375,16.8638973236084,0.6028268529934586
AF-P54742-F1,110200,5,4.537205081669691e-05,3,16.304466247558594,9.106267929077148,16.304466247558594,0.25287055516269774
AF-Q9JJ78-F1,47348,2,4.224043254202923e-05,1,20.718294143676758,3.860874891281128,20.718294143676758,0.24997673101295337
AF-Q8NI38-2-F1,74959,3,4.002187862698275e-05,0,14.307450294494629,5.3608078956604,14.307450294494629,0.11640099211587396
AF-P85797-F1,50241,2,3.9808124838279494e-05,1,13.511502265930176,1.7952686548233032,13.511502265930176,0.3610810566767768
AF-Q12083-F1,107569,4,3.718543446531993e-05,3,28.092483520507812,22.685319900512695,28.092483520507812,0.23127617269977807
AF-Q9HFC8-F1,95500,3,3.141361256544503e-05,1,18.232025146484375,9.060260772705078,18.232025146484375,0.10561735903625191
AF-Q9NAD6-F1,108632,3,2.761617203034097e-05,2,18.065101623535156,5.0358476638793945,18.065101623535156,0.4811416256896328
AF-A4D161-3-F1,39674,1,2.520542420728941e-05,0,11.47999095916748,1.062227487564087,11.47999095916748,0.08122788256463997
AF-Q9W0K7-F1,203101,5,2.4618293361431014e-05,0,13.372193336486816,4.131829261779785,13.372193336486816,0.36026490363123265
AF-Q9BYC8-F1,40742,1,2.4544695891217908e-05,1,13.775357246398926,0.9874970316886902,13.775357246398926,0.09845129789478635
AF-A7ZHS2-F1,43598,1,2.2936831964769024e-05,1,29.108976364135742,26.312589645385742,29.108976364135742,0.17330427676516447
AF-O08807-F1,44117,1,2.2666999115987036e-05,1,14.68459701538086,1.8063565492630005,14.68459701538086,0.12255762210246535
AF-P28630-F1,48311,1,2.0699219639419594e-05,0,17.12745475769043,2.6664955615997314,17.12745475769043,0.1959885233851072
AF-Q54T86-F1,99751,2,2.0049924311535724e-05,0,16.818708419799805,14.984087944030762,16.818708419799805,0.19189037136883091
AF-Q9K8G8-F1,101674,2,1.967071227649153e-05,0,18.660369873046875,14.14604663848877,18.660369873046875,0.19630977506395197
AF-O22467-F1,52304,1,1.9118996635056593e-05,0,23.597747802734375,14.615483283996582,23.597747802734375,0.00042223483226533354
AF-Q9NL40-F1,162159,3,1.8500360757034762e-05,2,14.560543060302734,6.097803592681885,14.560543060302734,0.18263437941039162
AF-O43236-5-F1,55497,1,1.8018992017586535e-05,1,22.207996368408203,2.5774729251861572,22.207996368408203,0.004685503053240669
AF-Q91YI0-F1,56353,1,1.7745284190726314e-05,0,15.1203031539917,7.9579339027404785,15.1203031539917,0.26614284511736197
AF-Q92JL9-F1,57724,1,1.73238167833137e-05,0,18.159259796142578,4.304227352142334,18.159259796142578,0.04414532857031106
AF-Q09699-F1,120185,2,1.664101177351583e-05,1,15.934322357177734,2.4338908195495605,15.934322357177734,0.2277369400694622
AF-Q96DH6-F1,62189,1,1.6080014150412452e-05,0,12.471980094909668,1.1051441431045532,12.471980094909668,0.02646528303145801
AF-Q9ESL0-F1,62637,1,1.596500470967639e-05,0,22.20991325378418,4.161196231842041,22.20991325378418,0.21369047919181783
AF-Q9K1N8-F1,69573,1,1.4373391976772598e-05,0,13.697233200073242,12.986011505126953,13.697233200073242,0.08099008544765951
AF-Q9VH89-F1,212227,3,1.4135807413759794e-05,1,21.960006713867188,10.119675636291504,21.960006713867188,0.150939833467725
AF-Q5XHZ6-F1,75083,1,1.3318594089207943e-05,0,17.324798583984375,9.443263053894043,17.324798583984375,0.19841536151071915
AF-Q9VCE1-F1,75734,1,1.3204109118757757e-05,1,18.256563186645508,13.819089889526367,18.256563186645508,0.1514180449574729
AF-Q54IT1-F1,177387,2,1.1274783383224249e-05,1,16.00933074951172,7.716647624969482,16.00933074951172,0.31758416668570455
AF-Q54RP0-F1,91633,1,1.0913098992720963e-05,0,17.510250091552734,5.588115215301514,17.510250091552734,0.2940158993704307
AF-A9ZPC9-F1,189134,2,1.0574513308024997e-05,0,16.193937301635742,14.600042343139648,16.193937301635742,0.12200358103922004
AF-Q19294-F1,98846,1,1.0116747263419865e-05,0,17.089155197143555,0.7139362692832947,17.089155197143555,0.015483361521487993
AF-F4IHY7-F1,115080,1,8.689607229753214e-06,0,15.787510871887207,5.973161697387695,15.787510871887207,0.3025849409915662
AF-Q9CAG5-F1,119973,1,8.335208755303277e-06,0,17.076082229614258,2.681321144104004,17.076082229614258,0.10699658665799783
AF-Q8BHB4-F1,125820,1,7.947862025115243e-06,0,17.166351318359375,4.298815727233887,17.166351318359375,0.12489496209476036
AF-A8WRJ2-F1,143940,1,6.947339169098235e-06,0,16.65433120727539,4.0715789794921875,16.65433120727539,0.174687251175754
AF-Q4IR09-F1,173704,1,5.75691981762078e-06,0,18.293710708618164,5.981146812438965,18.293710708618164,0.17088083645694474
AF-A0A023PYI2-F1,24177,0,0.0,0,14.69515323638916,nan,14.69515323638916,nan
AF-A0A023W163-F1,30706,0,0.0,0,10.275650024414062,nan,10.275650024414062,nan
AF-A0A075TR27-F1,30027,0,0.0,0,21.362689971923828,nan,21.362689971923828,nan
AF-A0A0H2ZQL5-F1,36281,0,0.0,0,16.182584762573242,nan,16.182584762573242,nan
AF-A0A0P0UTQ7-F1,20601,0,0.0,0,12.525826454162598,nan,12.525826454162598,nan
AF-A0A0H3K9F2-F1,18918,0,0.0,0,34.412689208984375,nan,34.412689208984375,nan
AF-A0A0M3KKZ0-F1,37286,0,0.0,0,16.35915184020996,nan,16.35915184020996,nan
AF-A0A0A2K6S6-F1,171245,0,0.0,0,11.972068786621094,nan,11.972068786621094,nan
AF-A0A2R8Y7D0-F1,21322,0,0.0,0,16.050106048583984,nan,16.050106048583984,nan
AF-A0A0P1AAU8-F1,44953,0,0.0,0,13.999006271362305,nan,13.999006271362305,nan
AF-A0A0G2JUG7-F1,189318,0,0.0,0,15.690834045410156,nan,15.690834045410156,nan
AF-A0A0W1JK39-F1,66035,0,0.0,0,18.124481201171875,nan,18.124481201171875,nan
AF-A0A0G2KIZ8-F1,171486,0,0.0,0,15.08099365234375,nan,15.08099365234375,nan
AF-A0A1D8PM93-F1,79425,0,0.0,0,12.505069732666016,nan,12.505069732666016,nan
AF-A0PV29-F1,26915,0,0.0,0,22.884571075439453,nan,22.884571075439453,nan
AF-A0SVK0-2-F1,41034,0,0.0,0,17.277971267700195,nan,17.277971267700195,nan
AF-A0A3B6UES5-F1,104234,0,0.0,0,26.838254928588867,nan,26.838254928588867,nan
AF-A1CWA9-F1,53386,0,0.0,0,28.366573333740234,nan,28.366573333740234,nan
AF-A1RGW7-F1,26317,0,0.0,0,15.33653736114502,nan,15.33653736114502,nan
AF-A1SHW4-F1,14180,0,0.0,0,17.670564651489258,nan,17.670564651489258,nan
AF-A0A437AFK1-F1,137993,0,0.0,0,11.627358436584473,nan,11.627358436584473,nan
AF-A0A8M1NHK4-F1,113505,0,0.0,0,15.884306907653809,nan,15.884306907653809,nan
AF-A1JJW5-F1,44628,0,0.0,0,50.817195892333984,nan,50.817195892333984,nan
AF-A1TD35-F1,31690,0,0.0,0,11.163107872009277,nan,11.163107872009277,nan
AF-A2RD55-F1,22658,0,0.0,0,13.513691902160645,nan,13.513691902160645,nan
AF-A1Y9I9-F1,31917,0,0.0,0,21.541261672973633,nan,21.541261672973633,nan
AF-A2RVQ5-2-F1,27803,0,0.0,0,13.699557304382324,nan,13.699557304382324,nan
AF-A2S514-F1,10862,0,0.0,0,9.432001113891602,nan,9.432001113891602,nan
AF-A1V194-F1,44079,0,0.0,0,18.608076095581055,nan,18.608076095581055,nan
AF-A1L1K8-F1,101182,0,0.0,0,10.283493041992188,nan,10.283493041992188,nan
AF-A3MMM6-F1,15967,0,0.0,0,8.387762069702148,nan,8.387762069702148,nan
AF-A2RVQ5-F1,49201,0,0.0,0,14.267536163330078,nan,14.267536163330078,nan
AF-A4D1F6-2-F1,17111,0,0.0,0,16.111120223999023,nan,16.111120223999023,nan
AF-A1X154-F1,80548,0,0.0,0,13.54036808013916,nan,13.54036808013916,nan
AF-A4FV84-F1,36196,0,0.0,0,12.68705940246582,nan,12.68705940246582,nan
AF-A1ZBY1-F1,81960,0,0.0,0,14.421160697937012,nan,14.421160697937012,nan
AF-A2T2X4-F1,71280,0,0.0,0,14.955223083496094,nan,14.955223083496094,nan
AF-A4VQH5-F1,30164,0,0.0,0,16.870162963867188,nan,16.870162963867188,nan
AF-A4Y1D2-F1,21420,0,0.0,0,14.49401569366455,nan,14.49401569366455,nan
AF-A4XQL6-F1,28712,0,0.0,0,11.094839096069336,nan,11.094839096069336,nan
AF-A4IT51-F1,55078,0,0.0,0,15.865496635437012,nan,15.865496635437012,nan
AF-A3DFA0-F1,85671,0,0.0,0,21.795663833618164,nan,21.795663833618164,nan
AF-A5LHG2-F1,26099,0,0.0,0,16.02788543701172,nan,16.02788543701172,nan
AF-A4W488-F1,47249,0,0.0,0,14.733789443969727,nan,14.733789443969727,nan
AF-A4JPY1-F1,75998,0,0.0,0,30.879636764526367,nan,30.879636764526367,nan
AF-A5U6Z7-F1,45232,0,0.0,0,17.430007934570312,nan,17.430007934570312,nan
AF-A5VNL0-F1,35726,0,0.0,0,25.281288146972656,nan,25.281288146972656,nan
AF-A5DSS9-F1,85954,0,0.0,0,14.083030700683594,nan,14.083030700683594,nan
AF-A6QGP7-F1,46913,0,0.0,0,16.28645133972168,nan,16.28645133972168,nan
AF-A6NFN3-F1,67056,0,0.0,0,9.856013298034668,nan,9.856013298034668,nan
AF-A6QLW2-F1,39412,0,0.0,0,23.116012573242188,nan,23.116012573242188,nan
AF-A6NNY8-F1,67119,0,0.0,0,10.577065467834473,nan,10.577065467834473,nan
AF-A6UX24-F1,41924,0,0.0,0,14.364465713500977,nan,14.364465713500977,nan
AF-A6X3N5-F1,37548,0,0.0,0,16.262739181518555,nan,16.262739181518555,nan
AF-A6QLP2-F1,91282,0,0.0,0,12.81363296508789,nan,12.81363296508789,nan
AF-A5E3K3-F1,128775,0,0.0,0,26.70152473449707,nan,26.70152473449707,nan
AF-A6RIE1-F1,82815,0,0.0,0,14.292145729064941,nan,14.292145729064941,nan
AF-A6UVQ1-F1,59518,0,0.0,0,12.443771362304688,nan,12.443771362304688,nan
AF-A7ZFZ0-F1,19985,0,0.0,0,21.945724487304688,nan,21.945724487304688,nan
AF-A7I4I0-F1,33690,0,0.0,0,24.00579833984375,nan,24.00579833984375,nan
AF-A7E5J5-F1,70302,0,0.0,0,17.907352447509766,nan,17.907352447509766,nan
AF-A7ZML6-F1,44552,0,0.0,0,28.958147048950195,nan,28.958147048950195,nan
AF-A8MTA8-2-F1,46721,0,0.0,0,10.103724479675293,nan,10.103724479675293,nan
AF-A9W3I1-F1,36775,0,0.0,0,15.830748558044434,nan,15.830748558044434,nan
AF-A9WHR4-F1,22629,0,0.0,0,9.121627807617188,nan,9.121627807617188,nan
AF-A8JF70-F1,114991,0,0.0,0,9.554031372070312,nan,9.554031372070312,nan
AF-A6SK19-F1,209783,0,0.0,0,13.472810745239258,nan,13.472810745239258,nan
AF-B0S1M1-F1,17998,0,0.0,0,15.186888694763184,nan,15.186888694763184,nan
AF-B0SDN6-F1,27911,0,0.0,0,12.133749008178711,nan,12.133749008178711,nan
AF-A9ZPH9-F1,48704,0,0.0,0,18.03482437133789,nan,18.03482437133789,nan
AF-B0UCS0-F1,47349,0,0.0,0,12.46342658996582,nan,12.46342658996582,nan
AF-B1VH88-F1,27662,0,0.0,0,14.468840599060059,nan,14.468840599060059,nan
AF-B1Y8E1-F1,25272,0,0.0,0,15.05246639251709,nan,15.05246639251709,nan
AF-B3GYL3-F1,30607,0,0.0,0,12.059365272521973,nan,12.059365272521973,nan
AF-A8WSQ9-F1,176694,0,0.0,0,12.621211051940918,nan,12.621211051940918,nan
AF-B0XTS1-F1,115153,0,0.0,0,13.498373031616211,nan,13.498373031616211,nan
AF-B2TJH6-F1,54702,0,0.0,0,15.708797454833984,nan,15.708797454833984,nan
AF-B2B4I8-F1,87448,0,0.0,0,17.455751419067383,nan,17.455751419067383,nan
AF-B4TGF8-F1,15509,0,0.0,0,9.927199363708496,nan,9.927199363708496,nan
AF-B4T556-F1,20679,0,0.0,0,8.28536319732666,nan,8.28536319732666,nan
AF-B5L3X1-F1,31312,0,0.0,0,23.98974609375,nan,23.98974609375,nan
AF-B3LMH0-F1,90405,0,0.0,0,21.82259178161621,nan,21.82259178161621,nan
AF-B5QU79-F1,34885,0,0.0,0,19.94243812561035,nan,19.94243812561035,nan
AF-B5FB67-F1,55406,0,0.0,0,18.137664794921875,nan,18.137664794921875,nan
AF-B2C6R6-F1,156013,0,0.0,0,11.21851634979248,nan,11.21851634979248,nan
AF-B5YEG9-F1,32558,0,0.0,0,13.05191707611084,nan,13.05191707611084,nan
AF-B4U108-F1,74500,0,0.0,0,31.836849212646484,nan,31.836849212646484,nan
AF-B4KE73-F1,131045,0,0.0,0,18.063701629638672,nan,18.063701629638672,nan
AF-B6I7H1-F1,45790,0,0.0,0,26.97234344482422,nan,26.97234344482422,nan
AF-B7N7Y9-F1,18501,0,0.0,0,12.359467506408691,nan,12.359467506408691,nan
AF-B7FAS6-2-F1,53982,0,0.0,0,8.013588905334473,nan,8.013588905334473,nan
AF-B6V866-F1,58057,0,0.0,0,28.822589874267578,nan,28.822589874267578,nan
AF-B7NEU6-F1,26851,0,0.0,0,19.864675521850586,nan,19.864675521850586,nan
AF-B7MMA1-F1,38713,0,0.0,0,21.97332191467285,nan,21.97332191467285,nan
AF-B7ZS96-F1,23045,0,0.0,0,12.91457462310791,nan,12.91457462310791,nan
AF-B8I2Z7-F1,12049,0,0.0,0,10.721526145935059,nan,10.721526145935059,nan
AF-C0HJD7-F1,12045,0,0.0,0,10.4320707321167,nan,10.4320707321167,nan
AF-B9J7E0-F1,21877,0,0.0,0,11.034491539001465,nan,11.034491539001465,nan
AF-B8EMP4-F1,31323,0,0.0,0,10.118284225463867,nan,10.118284225463867,nan
AF-B7SP66-F1,41467,0,0.0,0,19.957962036132812,nan,19.957962036132812,nan
AF-B7FAS6-F1,96458,0,0.0,0,10.288969993591309,nan,10.288969993591309,nan
AF-B9M6F1-F1,31985,0,0.0,0,16.678224563598633,nan,16.678224563598633,nan
AF-C0HLS4-F1,15060,0,0.0,0,11.835003852844238,nan,11.835003852844238,nan
AF-C3TS10-F1,16635,0,0.0,0,12.864269256591797,nan,12.864269256591797,nan
AF-C0LU16-F1,26562,0,0.0,0,14.549195289611816,nan,14.549195289611816,nan
AF-C3MAG3-F1,20421,0,0.0,0,15.888976097106934,nan,15.888976097106934,nan
AF-C4XIS1-F1,16400,0,0.0,0,8.367870330810547,nan,8.367870330810547,nan
AF-C5A1H1-F1,11380,0,0.0,0,8.895862579345703,nan,8.895862579345703,nan
AF-C3PNP6-F1,28074,0,0.0,0,35.84170150756836,nan,35.84170150756836,nan
AF-B7F7B9-F1,122126,0,0.0,0,19.526723861694336,nan,19.526723861694336,nan
AF-C1DFU4-F1,45604,0,0.0,0,23.413070678710938,nan,23.413070678710938,nan
AF-D0NP16-F1,27617,0,0.0,0,11.143109321594238,nan,11.143109321594238,nan
AF-E1W823-F1,35742,0,0.0,0,13.602563858032227,nan,13.602563858032227,nan
AF-D4GTA5-F1,52677,0,0.0,0,22.447891235351562,nan,22.447891235351562,nan
AF-C4L192-F1,91758,0,0.0,0,27.61872673034668,nan,27.61872673034668,nan
AF-D5EXZ4-F1,77459,0,0.0,0,19.174848556518555,nan,19.174848556518555,nan
AF-D5EY13-F1,83313,0,0.0,0,28.745189666748047,nan,28.745189666748047,nan
AF-E7KCH3-F1,47601,0,0.0,0,12.44210433959961,nan,12.44210433959961,nan
AF-E9Q7M2-3-F1,24215,0,0.0,0,10.214445114135742,nan,10.214445114135742,nan
AF-E5AV36-F1,88307,0,0.0,0,15.653775215148926,nan,15.653775215148926,nan
AF-E9P8D2-F1,27001,0,0.0,0,26.71901512145996,nan,26.71901512145996,nan
AF-E6LHV7-F1,86914,0,0.0,0,16.417226791381836,nan,16.417226791381836,nan
AF-E7CY69-F1,70417,0,0.0,0,28.020586013793945,nan,28.020586013793945,nan
AF-F4HXU3-3-F1,19590,0,0.0,0,10.826290130615234,nan,10.826290130615234,nan
AF-F4HXU3-2-F1,25542,0,0.0,0,13.27177619934082,nan,13.27177619934082,nan
AF-F1DBB3-F1,48570,0,0.0,0,19.23972511291504,nan,19.23972511291504,nan
AF-F1Q7Z7-F1,59980,0,0.0,0,14.580103874206543,nan,14.580103874206543,nan
AF-F4HVA6-2-F1,88902,0,0.0,0,12.99198055267334,nan,12.99198055267334,nan
AF-D3YXK2-F1,215122,0,0.0,0,17.556058883666992,nan,17.556058883666992,nan
AF-F2RB81-F1,117850,0,0.0,0,29.879344940185547,nan,29.879344940185547,nan
AF-F4JG10-F1,86644,0,0.0,0,13.137192726135254,nan,13.137192726135254,nan
AF-F4JH53-F1,107613,0,0.0,0,13.215450286865234,nan,13.215450286865234,nan
AF-F4KGQ0-2-F1,35103,0,0.0,0,15.262747764587402,nan,15.262747764587402,nan
AF-F6W8I0-F1,31555,0,0.0,0,10.208759307861328,nan,10.208759307861328,nan
AF-F4JI44-2-F1,129194,0,0.0,0,16.600194931030273,nan,16.600194931030273,nan
AF-F5B8W5-F1,107677,0,0.0,0,23.68999481201172,nan,23.68999481201172,nan
AF-G2XDH0-F1,66067,0,0.0,0,15.277441024780273,nan,15.277441024780273,nan
AF-F4JHA2-2-F1,144227,0,0.0,0,23.30549430847168,nan,23.30549430847168,nan
AF-F4JC20-F1,249244,0,0.0,0,12.277841567993164,nan,12.277841567993164,nan
AF-G3XGC1-F1,75354,0,0.0,0,22.22081756591797,nan,22.22081756591797,nan
AF-I1C083-F1,18284,0,0.0,0,15.204089164733887,nan,15.204089164733887,nan
AF-I1VC85-F1,17346,0,0.0,0,12.661892890930176,nan,12.661892890930176,nan
AF-F6N7K6-F1,147513,0,0.0,0,30.586395263671875,nan,30.586395263671875,nan
AF-H2KY86-2-F1,67364,0,0.0,0,12.430695533752441,nan,12.430695533752441,nan
AF-G2X3G1-F1,161939,0,0.0,0,17.150482177734375,nan,17.150482177734375,nan
AF-I6XFS7-F1,22699,0,0.0,0,15.468647956848145,nan,15.468647956848145,nan
AF-G5EG38-F1,96765,0,0.0,0,17.853912353515625,nan,17.853912353515625,nan
AF-I6L899-2-F1,66935,0,0.0,0,10.664716720581055,nan,10.664716720581055,nan
AF-K7N5K9-F1,22594,0,0.0,0,13.326181411743164,nan,13.326181411743164,nan
AF-M1JJT8-F1,35182,0,0.0,0,10.83073902130127,nan,10.83073902130127,nan
AF-I3L5V6-F1,97732,0,0.0,0,13.580055236816406,nan,13.580055236816406,nan
AF-G5E8Z2-F1,177547,0,0.0,0,15.249895095825195,nan,15.249895095825195,nan
AF-I6L899-F1,141181,0,0.0,0,10.379228591918945,nan,10.379228591918945,nan
AF-O06926-F1,35753,0,0.0,0,12.98153305053711,nan,12.98153305053711,nan
AF-O01477-F1,123873,0,0.0,0,16.089418411254883,nan,16.089418411254883,nan
AF-O07436-F1,53950,0,0.0,0,16.86077880859375,nan,16.86077880859375,nan
AF-J9VND4-F1,179524,0,0.0,0,13.491676330566406,nan,13.491676330566406,nan
AF-O00899-F1,134476,0,0.0,0,16.594804763793945,nan,16.594804763793945,nan
AF-O03685-F1,110477,0,0.0,0,24.3856258392334,nan,24.3856258392334,nan
AF-O02748-F1,161443,0,0.0,0,11.2578125,nan,11.2578125,nan
AF-O08674-F1,76435,0,0.0,0,13.515883445739746,nan,13.515883445739746,nan
AF-O14810-F1,28700,0,0.0,0,11.669835090637207,nan,11.669835090637207,nan
AF-O14350-F1,38475,0,0.0,0,10.102421760559082,nan,10.102421760559082,nan
AF-O15116-F1,22168,0,0.0,0,11.661628723144531,nan,11.661628723144531,nan
AF-O15519-4-F1,31788,0,0.0,0,14.48981761932373,nan,14.48981761932373,nan
AF-O13831-F1,68287,0,0.0,0,21.71068572998047,nan,21.71068572998047,nan
AF-O15519-3-F1,60807,0,0.0,0,11.522265434265137,nan,11.522265434265137,nan
AF-O15232-2-F1,68206,0,0.0,0,11.421881675720215,nan,11.421881675720215,nan
AF-O14246-F1,104443,0,0.0,0,18.28883934020996,nan,18.28883934020996,nan
AF-O28434-F1,12601,0,0.0,0,7.420973300933838,nan,7.420973300933838,nan
AF-O29370-F1,23480,0,0.0,0,16.579294204711914,nan,16.579294204711914,nan
AF-O23522-F1,79485,0,0.0,0,21.142484664916992,nan,21.142484664916992,nan
AF-O23614-2-F1,74694,0,0.0,0,17.893840789794922,nan,17.893840789794922,nan
AF-O31949-F1,23125,0,0.0,0,14.506141662597656,nan,14.506141662597656,nan
AF-O32583-F1,9642,0,0.0,0,12.895112991333008,nan,12.895112991333008,nan
AF-O28341-F1,74891,0,0.0,0,14.684098243713379,nan,14.684098243713379,nan
AF-O32223-F1,43373,0,0.0,0,20.78996467590332,nan,20.78996467590332,nan
AF-O26901-F1,80552,0,0.0,0,19.85382652282715,nan,19.85382652282715,nan
AF-O34777-F1,24888,0,0.0,0,11.436829566955566,nan,11.436829566955566,nan
AF-O43598-2-F1,24775,0,0.0,0,19.366369247436523,nan,19.366369247436523,nan
AF-O42699-F1,37202,0,0.0,0,23.43824577331543,nan,23.43824577331543,nan
AF-O34528-F1,57495,0,0.0,0,35.98161315917969,nan,35.98161315917969,nan
AF-O35885-F1,56489,0,0.0,0,11.967702865600586,nan,11.967702865600586,nan
AF-O46098-F1,17987,0,0.0,0,11.715774536132812,nan,11.715774536132812,nan
AF-O15265-2-F1,211614,0,0.0,0,18.117759704589844,nan,18.117759704589844,nan
AF-O43236-6-F1,59439,0,0.0,0,17.717037200927734,nan,17.717037200927734,nan
AF-O44406-3-F1,40040,0,0.0,0,16.31915855407715,nan,16.31915855407715,nan
AF-O59146-F1,20106,0,0.0,0,12.667122840881348,nan,12.667122840881348,nan
AF-O54788-F1,51009,0,0.0,0,14.313040733337402,nan,14.313040733337402,nan
AF-O54910-F1,57131,0,0.0,0,18.098485946655273,nan,18.098485946655273,nan
AF-O66875-F1,43961,0,0.0,0,24.5543212890625,nan,24.5543212890625,nan
AF-O69762-F1,35618,0,0.0,0,10.278191566467285,nan,10.278191566467285,nan
AF-O46504-F1,99830,0,0.0,0,34.514949798583984,nan,34.514949798583984,nan
AF-O60294-F1,78372,0,0.0,0,19.10885238647461,nan,19.10885238647461,nan
AF-O75400-5-F1,24029,0,0.0,0,8.614961624145508,nan,8.614961624145508,nan
AF-O67178-F1,94290,0,0.0,0,28.222137451171875,nan,28.222137451171875,nan
AF-O60729-F1,75590,0,0.0,0,25.268768310546875,nan,25.268768310546875,nan
AF-O74876-F1,73168,0,0.0,0,11.29157829284668,nan,11.29157829284668,nan
AF-O74343-F1,100981,0,0.0,0,21.646657943725586,nan,21.646657943725586,nan
AF-O60094-F1,132670,0,0.0,0,18.193117141723633,nan,18.193117141723633,nan
AF-O74560-F1,109988,0,0.0,0,20.40802574157715,nan,20.40802574157715,nan
AF-O75864-2-F1,58474,0,0.0,0,13.19814682006836,nan,13.19814682006836,nan
AF-O77248-F1,27939,0,0.0,0,11.58407974243164,nan,11.58407974243164,nan
AF-O75426-2-F1,54317,0,0.0,0,14.21432113647461,nan,14.21432113647461,nan
AF-O77482-F1,26588,0,0.0,0,9.724846839904785,nan,9.724846839904785,nan
AF-O84005-F1,19957,0,0.0,0,11.08132266998291,nan,11.08132266998291,nan
AF-O75940-F1,47659,0,0.0,0,13.163394927978516,nan,13.163394927978516,nan
AF-O82784-F1,60287,0,0.0,0,30.918216705322266,nan,30.918216705322266,nan
AF-O75864-F1,105523,0,0.0,0,17.331674575805664,nan,17.331674575805664,nan
AF-O77681-F1,79320,0,0.0,0,12.859748840332031,nan,12.859748840332031,nan
AF-O85057-F1,82148,0,0.0,0,25.675479888916016,nan,25.675479888916016,nan
AF-O75400-F1,189632,0,0.0,0,14.884385108947754,nan,14.884385108947754,nan
AF-O85041-2-F1,115749,0,0.0,0,19.475828170776367,nan,19.475828170776367,nan
AF-O88346-3-F1,58673,0,0.0,0,9.700193405151367,nan,9.700193405151367,nan
AF-O88342-F1,58485,0,0.0,0,18.105745315551758,nan,18.105745315551758,nan
AF-O95059-F1,19529,0,0.0,0,9.334896087646484,nan,9.334896087646484,nan
AF-O87386-F1,109967,0,0.0,0,31.539796829223633,nan,31.539796829223633,nan
AF-O94864-4-F1,59345,0,0.0,0,9.416905403137207,nan,9.416905403137207,nan
AF-O95881-F1,24918,0,0.0,0,17.567502975463867,nan,17.567502975463867,nan
AF-O95994-F1,26872,0,0.0,0,17.619327545166016,nan,17.619327545166016,nan
AF-O95467-F1,60122,0,0.0,0,11.663984298706055,nan,11.663984298706055,nan
AF-O96910-F1,14127,0,0.0,0,12.148923873901367,nan,12.148923873901367,nan
AF-O94919-F1,79437,0,0.0,0,14.141374588012695,nan,14.141374588012695,nan
AF-O85041-F1,185396,0,0.0,0,15.40002727508545,nan,15.40002727508545,nan
AF-O94418-F1,124968,0,0.0,0,12.195883750915527,nan,12.195883750915527,nan
AF-P04090-2-F1,26293,0,0.0,0,12.230666160583496,nan,12.230666160583496,nan
AF-P04644-F1,25800,0,0.0,0,22.044973373413086,nan,22.044973373413086,nan
AF-O96612-F1,70939,0,0.0,0,14.32181453704834,nan,14.32181453704834,nan
AF-O96533-F1,77177,0,0.0,0,16.999727249145508,nan,16.999727249145508,nan
AF-O94691-F1,142465,0,0.0,0,24.652957916259766,nan,24.652957916259766,nan
AF-P05090-F1,27138,0,0.0,0,17.344999313354492,nan,17.344999313354492,nan
AF-P02831-F1,98390,0,0.0,0,20.23101234436035,nan,20.23101234436035,nan
AF-P00751-2-F1,96061,0,0.0,0,30.60590362548828,nan,30.60590362548828,nan
AF-P04776-2-F1,65364,0,0.0,0,16.300537109375,nan,16.300537109375,nan
AF-P05049-F1,65586,0,0.0,0,18.2888240814209,nan,18.2888240814209,nan
AF-P08207-F1,16066,0,0.0,0,8.86744499206543,nan,8.86744499206543,nan
AF-P08495-2-F1,22635,0,0.0,0,11.530875205993652,nan,11.530875205993652,nan
AF-P09132-2-F1,17766,0,0.0,0,13.403182983398438,nan,13.403182983398438,nan
AF-P09132-3-F1,17112,0,0.0,0,8.802142143249512,nan,8.802142143249512,nan
AF-P09132-F1,23654,0,0.0,0,17.647966384887695,nan,17.647966384887695,nan
AF-P08833-F1,45365,0,0.0,0,12.248893737792969,nan,12.248893737792969,nan
AF-P05059-F1,102938,0,0.0,0,15.962808609008789,nan,15.962808609008789,nan
AF-P09466-3-F1,18668,0,0.0,0,10.97359561920166,nan,10.97359561920166,nan
AF-P08495-F1,47080,0,0.0,0,14.391284942626953,nan,14.391284942626953,nan
AF-P0A182-F1,12488,0,0.0,0,16.34684944152832,nan,16.34684944152832,nan
AF-P09466-F1,24364,0,0.0,0,14.186931610107422,nan,14.186931610107422,nan
AF-P0A8J6-F1,13682,0,0.0,0,10.39714527130127,nan,10.39714527130127,nan
AF-P0A946-F1,19553,0,0.0,0,17.621904373168945,nan,17.621904373168945,nan
AF-P05527-F1,125844,0,0.0,0,12.262166023254395,nan,12.262166023254395,nan
AF-P0AC16-F1,17057,0,0.0,0,12.722589492797852,nan,12.722589492797852,nan
AF-P0A6Y5-F1,37617,0,0.0,0,21.173297882080078,nan,21.173297882080078,nan
AF-P0AAA3-F1,28774,0,0.0,0,9.742238998413086,nan,9.742238998413086,nan
AF-P0A9S7-F1,32151,0,0.0,0,18.283815383911133,nan,18.283815383911133,nan
AF-P0ACK7-F1,32223,0,0.0,0,35.425811767578125,nan,35.425811767578125,nan
AF-P0C7T4-F1,11645,0,0.0,0,8.204651832580566,nan,8.204651832580566,nan
AF-P0AFP2-F1,21619,0,0.0,0,15.163382530212402,nan,15.163382530212402,nan
AF-P0ACT8-F1,25584,0,0.0,0,10.492124557495117,nan,10.492124557495117,nan
AF-P0CAY2-F1,10142,0,0.0,0,12.092108726501465,nan,12.092108726501465,nan
AF-P0C8P9-F1,12497,0,0.0,0,11.185286521911621,nan,11.185286521911621,nan
AF-P07834-F1,124466,0,0.0,0,14.331236839294434,nan,14.331236839294434,nan
AF-P0AGG2-F1,36131,0,0.0,0,15.501148223876953,nan,15.501148223876953,nan
AF-P0CH43-F1,14893,0,0.0,0,9.653854370117188,nan,9.653854370117188,nan
AF-P0CB15-F1,27464,0,0.0,0,12.079434394836426,nan,12.079434394836426,nan
AF-P0CX34-F1,14844,0,0.0,0,15.372509002685547,nan,15.372509002685547,nan
AF-P0A9M1-F1,106087,0,0.0,0,26.320234298706055,nan,26.320234298706055,nan
AF-P0DMJ4-F1,7878,0,0.0,0,10.411455154418945,nan,10.411455154418945,nan
AF-P0CP21-F1,64629,0,0.0,0,20.094688415527344,nan,20.094688415527344,nan
AF-P0DP57-F1,15063,0,0.0,0,9.210086822509766,nan,9.210086822509766,nan
AF-P0CR29-F1,68775,0,0.0,0,23.443557739257812,nan,23.443557739257812,nan
AF-P0DQS1-F1,14321,0,0.0,0,11.9225435256958,nan,11.9225435256958,nan
AF-P0C7R0-F1,107114,0,0.0,0,15.70544719696045,nan,15.70544719696045,nan
AF-P0DQT9-F1,11649,0,0.0,0,14.032278060913086,nan,14.032278060913086,nan
AF-P0DY26-F1,18835,0,0.0,0,13.242222785949707,nan,13.242222785949707,nan
AF-P0DW63-F1,25240,0,0.0,0,11.92358112335205,nan,11.92358112335205,nan
AF-P0DJ29-2-F1,80453,0,0.0,0,19.319990158081055,nan,19.319990158081055,nan
AF-P0CO50-F1,127144,0,0.0,0,30.819921493530273,nan,30.819921493530273,nan
AF-P11524-F1,23802,0,0.0,0,17.03717613220215,nan,17.03717613220215,nan
AF-P0CP16-F1,130883,0,0.0,0,22.641847610473633,nan,22.641847610473633,nan
AF-P12884-F1,11693,0,0.0,0,14.158648490905762,nan,14.158648490905762,nan
AF-P0DUZ5-F1,57280,0,0.0,0,13.230711936950684,nan,13.230711936950684,nan
AF-P12974-F1,19941,0,0.0,0,11.697128295898438,nan,11.697128295898438,nan
AF-P13207-F1,38366,0,0.0,0,12.176095962524414,nan,12.176095962524414,nan
AF-P14061-F1,43655,0,0.0,0,20.714515686035156,nan,20.714515686035156,nan
AF-P11308-2-F1,70530,0,0.0,0,11.325697898864746,nan,11.325697898864746,nan
AF-P14138-3-F1,50656,0,0.0,0,13.408782005310059,nan,13.408782005310059,nan
AF-P13489-F1,45774,0,0.0,0,21.298749923706055,nan,21.298749923706055,nan
AF-P14843-F1,42260,0,0.0,0,20.849124908447266,nan,20.849124908447266,nan
AF-P17096-3-F1,44147,0,0.0,0,16.53723907470703,nan,16.53723907470703,nan
AF-P19729-F1,16900,0,0.0,0,11.116660118103027,nan,11.116660118103027,nan
AF-P18153-2-F1,39639,0,0.0,0,14.63776969909668,nan,14.63776969909668,nan
AF-P0DW68-F1,124340,0,0.0,0,24.731487274169922,nan,24.731487274169922,nan
AF-P18153-F1,42726,0,0.0,0,24.222835540771484,nan,24.222835540771484,nan
AF-P18023-F1,57592,0,0.0,0,28.743318557739258,nan,28.743318557739258,nan
AF-P17535-F1,74857,0,0.0,0,9.251643180847168,nan,9.251643180847168,nan
AF-P22524-F1,36468,0,0.0,0,16.040849685668945,nan,16.040849685668945,nan
AF-P21529-F1,61179,0,0.0,0,15.763078689575195,nan,15.763078689575195,nan
AF-P14606-F1,127233,0,0.0,0,33.172271728515625,nan,33.172271728515625,nan
AF-P22809-F1,86820,0,0.0,0,14.79448127746582,nan,14.79448127746582,nan
AF-P23906-F1,75462,0,0.0,0,18.14278221130371,nan,18.14278221130371,nan
AF-P25040-F1,67409,0,0.0,0,16.395959854125977,nan,16.395959854125977,nan
AF-P23142-4-F1,109423,0,0.0,0,20.683446884155273,nan,20.683446884155273,nan
AF-P22022-F1,134223,0,0.0,0,11.784916877746582,nan,11.784916877746582,nan
AF-P24482-F1,100508,0,0.0,0,14.415953636169434,nan,14.415953636169434,nan
AF-P25586-F1,57292,0,0.0,0,17.953908920288086,nan,17.953908920288086,nan
AF-P24610-F1,100064,0,0.0,0,20.882183074951172,nan,20.882183074951172,nan
AF-P25042-F1,85949,0,0.0,0,16.802614212036133,nan,16.802614212036133,nan
AF-P25649-F1,26294,0,0.0,0,10.072981834411621,nan,10.072981834411621,nan
AF-P26948-F1,20527,0,0.0,0,8.88521671295166,nan,8.88521671295166,nan
AF-P25701-F1,25170,0,0.0,0,14.809796333312988,nan,14.809796333312988,nan
AF-P27187-F1,14425,0,0.0,0,13.124673843383789,nan,13.124673843383789,nan
AF-P25646-F1,52980,0,0.0,0,20.004167556762695,nan,20.004167556762695,nan
AF-P27882-F1,32131,0,0.0,0,10.669507026672363,nan,10.669507026672363,nan
AF-P25632-F1,91485,0,0.0,0,15.605624198913574,nan,15.605624198913574,nan
AF-P28495-F1,40668,0,0.0,0,16.442012786865234,nan,16.442012786865234,nan
AF-P28625-F1,42642,0,0.0,0,17.178630828857422,nan,17.178630828857422,nan
AF-P31006-F1,25840,0,0.0,0,23.842769622802734,nan,23.842769622802734,nan
AF-P31200-F1,13085,0,0.0,0,10.53349781036377,nan,10.53349781036377,nan
AF-P31110-F1,21056,0,0.0,0,10.311595916748047,nan,10.311595916748047,nan
AF-P28004-F1,87098,0,0.0,0,14.333047866821289,nan,14.333047866821289,nan
AF-P29594-F1,67377,0,0.0,0,22.53192138671875,nan,22.53192138671875,nan
AF-P32099-F1,41682,0,0.0,0,28.358169555664062,nan,28.358169555664062,nan
AF-P34130-F1,39863,0,0.0,0,13.118480682373047,nan,13.118480682373047,nan
AF-P34326-F1,39893,0,0.0,0,15.66582202911377,nan,15.66582202911377,nan
AF-P32614-F1,47510,0,0.0,0,76.01121520996094,nan,76.01121520996094,nan
AF-P37614-F1,15205,0,0.0,0,15.863903045654297,nan,15.863903045654297,nan
AF-P37562-F1,48275,0,0.0,0,13.286986351013184,nan,13.286986351013184,nan
AF-P34552-4-F1,79210,0,0.0,0,10.329521179199219,nan,10.329521179199219,nan
AF-P36188-10-F1,58741,0,0.0,0,14.877208709716797,nan,14.877208709716797,nan
AF-P30260-2-F1,141397,0,0.0,0,14.770454406738281,nan,14.770454406738281,nan
AF-P38236-F1,85318,0,0.0,0,10.238848686218262,nan,10.238848686218262,nan
AF-P38571-2-F1,40548,0,0.0,0,11.733014106750488,nan,11.733014106750488,nan
AF-P38912-F1,28578,0,0.0,0,12.637960433959961,nan,12.637960433959961,nan
AF-P38782-F1,55228,0,0.0,0,11.688335418701172,nan,11.688335418701172,nan
AF-P39825-F1,14241,0,0.0,0,7.643735408782959,nan,7.643735408782959,nan
AF-P36041-F1,150109,0,0.0,0,13.68700122833252,nan,13.68700122833252,nan
AF-P34552-F1,133505,0,0.0,0,15.275824546813965,nan,15.275824546813965,nan
AF-P38352-F1,88307,0,0.0,0,23.325355529785156,nan,23.325355529785156,nan
AF-P41694-F1,28964,0,0.0,0,12.236580848693848,nan,12.236580848693848,nan
AF-P40923-F1,44375,0,0.0,0,12.771072387695312,nan,12.771072387695312,nan
AF-P41205-F1,43795,0,0.0,0,23.305316925048828,nan,23.305316925048828,nan
AF-P39009-F1,76412,0,0.0,0,14.610949516296387,nan,14.610949516296387,nan
AF-P42743-F1,23096,0,0.0,0,9.213879585266113,nan,9.213879585266113,nan
AF-P42771-2-F1,18535,0,0.0,0,9.475812911987305,nan,9.475812911987305,nan
AF-P43780-F1,16729,0,0.0,0,9.736929893493652,nan,9.736929893493652,nan
AF-P46003-F1,16407,0,0.0,0,9.221014976501465,nan,9.221014976501465,nan
AF-P38308-F1,184302,0,0.0,0,22.255277633666992,nan,22.255277633666992,nan
AF-P39744-F1,113617,0,0.0,0,16.22136116027832,nan,16.22136116027832,nan
AF-P42759-F1,63730,0,0.0,0,10.06648063659668,nan,10.06648063659668,nan
AF-P46350-F1,10555,0,0.0,0,13.540901184082031,nan,13.540901184082031,nan
AF-P42698-F1,77612,0,0.0,0,11.909610748291016,nan,11.909610748291016,nan
AF-P46690-F1,17816,0,0.0,0,13.766324043273926,nan,13.766324043273926,nan
AF-P45985-F1,58459,0,0.0,0,14.900634765625,nan,14.900634765625,nan
AF-P45727-F1,73344,0,0.0,0,16.779144287109375,nan,16.779144287109375,nan
AF-P47691-F1,36742,0,0.0,0,21.27874755859375,nan,21.27874755859375,nan
AF-P47915-F1,36623,0,0.0,0,20.411693572998047,nan,20.411693572998047,nan
AF-P47845-F1,39856,0,0.0,0,11.790968894958496,nan,11.790968894958496,nan
AF-P39955-F1,176353,0,0.0,0,19.616077423095703,nan,19.616077423095703,nan
AF-P49126-F1,17398,0,0.0,0,11.776290893554688,nan,11.776290893554688,nan
AF-P49458-2-F1,14060,0,0.0,0,10.64234733581543,nan,10.64234733581543,nan
AF-P49756-4-F1,38529,0,0.0,0,10.096883773803711,nan,10.096883773803711,nan
AF-P49518-F1,42228,0,0.0,0,29.276966094970703,nan,29.276966094970703,nan
AF-P46997-F1,126275,0,0.0,0,16.278717041015625,nan,16.278717041015625,nan
AF-P47486-F1,93430,0,0.0,0,39.00595474243164,nan,39.00595474243164,nan
AF-P48732-F1,78597,0,0.0,0,15.809931755065918,nan,15.809931755065918,nan
AF-P49921-F1,20002,0,0.0,0,8.098929405212402,nan,8.098929405212402,nan
AF-P49294-F1,76337,0,0.0,0,15.647819519042969,nan,15.647819519042969,nan
AF-P51208-F1,37334,0,0.0,0,23.383731842041016,nan,23.383731842041016,nan
AF-P46071-F1,169252,0,0.0,0,19.738309860229492,nan,19.738309860229492,nan
AF-P49813-F1,60334,0,0.0,0,17.44921112060547,nan,17.44921112060547,nan
AF-P48840-F1,107497,0,0.0,0,31.849464416503906,nan,31.849464416503906,nan
AF-P52836-F1,36071,0,0.0,0,43.75846862792969,nan,43.75846862792969,nan
AF-P53321-F1,26408,0,0.0,0,15.092500686645508,nan,15.092500686645508,nan
AF-P53820-F1,12724,0,0.0,0,7.758498191833496,nan,7.758498191833496,nan
AF-P53251-F1,48447,0,0.0,0,16.963071823120117,nan,16.963071823120117,nan
AF-P53743-F1,65944,0,0.0,0,14.678753852844238,nan,14.678753852844238,nan
AF-P53118-F1,87102,0,0.0,0,19.802322387695312,nan,19.802322387695312,nan
AF-P51617-3-F1,118627,0,0.0,0,14.26912784576416,nan,14.26912784576416,nan
AF-P53197-F1,90627,0,0.0,0,15.622882843017578,nan,15.622882843017578,nan
AF-P53851-F1,55694,0,0.0,0,20.299020767211914,nan,20.299020767211914,nan
AF-P55240-F1,15780,0,0.0,0,11.352373123168945,nan,11.352373123168945,nan
AF-P53201-F1,99738,0,0.0,0,14.800596237182617,nan,14.800596237182617,nan
AF-P49762-F1,162417,0,0.0,0,13.722282409667969,nan,13.722282409667969,nan
AF-P55830-2-F1,35832,0,0.0,0,12.952741622924805,nan,12.952741622924805,nan
AF-P54823-F1,65013,0,0.0,0,26.201383590698242,nan,26.201383590698242,nan
AF-P54352-2-F1,74738,0,0.0,0,23.669227600097656,nan,23.669227600097656,nan
AF-P55612-F1,49380,0,0.0,0,28.357439041137695,nan,28.357439041137695,nan
AF-P54256-2-F1,134765,0,0.0,0,19.227243423461914,nan,19.227243423461914,nan
AF-P57077-F1,29755,0,0.0,0,11.341686248779297,nan,11.341686248779297,nan
AF-P57077-1-F1,54501,0,0.0,0,10.918259620666504,nan,10.918259620666504,nan
AF-P59282-F1,26907,0,0.0,0,12.774025917053223,nan,12.774025917053223,nan
AF-P60896-F1,16381,0,0.0,0,14.698261260986328,nan,14.698261260986328,nan
AF-P60408-F1,35575,0,0.0,0,25.37059783935547,nan,25.37059783935547,nan
AF-P55465-F1,111908,0,0.0,0,20.699026107788086,nan,20.699026107788086,nan
AF-P62281-F1,27683,0,0.0,0,19.54935646057129,nan,19.54935646057129,nan
AF-P62089-F1,27898,0,0.0,0,11.967662811279297,nan,11.967662811279297,nan
AF-P63072-F1,23824,0,0.0,0,11.16408920288086,nan,11.16408920288086,nan
AF-P66726-F1,11960,0,0.0,0,9.426692962646484,nan,9.426692962646484,nan
AF-P58742-F1,75972,0,0.0,0,21.498172760009766,nan,21.498172760009766,nan
AF-P64524-F1,19759,0,0.0,0,15.99718189239502,nan,15.99718189239502,nan
AF-P67463-F1,12891,0,0.0,0,10.142319679260254,nan,10.142319679260254,nan
AF-P74794-F1,12498,0,0.0,0,9.694247245788574,nan,9.694247245788574,nan
AF-P69850-F1,20277,0,0.0,0,15.8305082321167,nan,15.8305082321167,nan
AF-P55965-F1,140222,0,0.0,0,17.41584014892578,nan,17.41584014892578,nan
AF-P74327-F1,22864,0,0.0,0,15.792207717895508,nan,15.792207717895508,nan
AF-P57993-F1,104067,0,0.0,0,14.371573448181152,nan,14.371573448181152,nan
AF-P67860-2-F1,36318,0,0.0,0,15.76831340789795,nan,15.76831340789795,nan
AF-P76341-F1,21718,0,0.0,0,12.913839340209961,nan,12.913839340209961,nan
AF-P75862-F1,24708,0,0.0,0,9.311717987060547,nan,9.311717987060547,nan
AF-P80876-F1,18019,0,0.0,0,9.74089241027832,nan,9.74089241027832,nan
AF-P82946-F1,11447,0,0.0,0,8.144119262695312,nan,8.144119262695312,nan
AF-P82733-F1,20717,0,0.0,0,11.937100410461426,nan,11.937100410461426,nan
AF-P81584-F1,38035,0,0.0,0,8.987162590026855,nan,8.987162590026855,nan
AF-P83579-F1,9125,0,0.0,0,8.74271011352539,nan,8.74271011352539,nan
AF-P83942-F1,18957,0,0.0,0,9.706156730651855,nan,9.706156730651855,nan
AF-P84408-F1,11053,0,0.0,0,9.84373664855957,nan,9.84373664855957,nan
AF-P83253-F1,21275,0,0.0,0,10.863840103149414,nan,10.863840103149414,nan
AF-P80067-F1,55321,0,0.0,0,22.6320858001709,nan,22.6320858001709,nan
AF-P82715-F1,48975,0,0.0,0,17.962303161621094,nan,17.962303161621094,nan
AF-P84347-F1,23745,0,0.0,0,16.53622817993164,nan,16.53622817993164,nan
AF-P84585-F1,17757,0,0.0,0,9.195856094360352,nan,9.195856094360352,nan
AF-P86807-F1,15261,0,0.0,0,9.964797019958496,nan,9.964797019958496,nan
AF-P87271-F1,20857,0,0.0,0,11.367239952087402,nan,11.367239952087402,nan
AF-P85100-F1,33058,0,0.0,0,13.435458183288574,nan,13.435458183288574,nan
AF-P86857-F1,34423,0,0.0,0,12.057504653930664,nan,12.057504653930664,nan
AF-P82593-F1,84492,0,0.0,0,16.448335647583008,nan,16.448335647583008,nan
AF-P70324-2-F1,148007,0,0.0,0,20.500770568847656,nan,20.500770568847656,nan
AF-P93847-F1,33415,0,0.0,0,24.551904678344727,nan,24.551904678344727,nan
AF-P92958-2-F1,50669,0,0.0,0,16.71381950378418,nan,16.71381950378418,nan
AF-P94391-F1,51511,0,0.0,0,27.911468505859375,nan,27.911468505859375,nan
AF-P97328-F1,34684,0,0.0,0,11.689764976501465,nan,11.689764976501465,nan
AF-P97865-F1,31900,0,0.0,0,27.89266014099121,nan,27.89266014099121,nan
AF-P9WGI3-F1,39993,0,0.0,0,12.323596954345703,nan,12.323596954345703,nan
AF-P96740-F1,50518,0,0.0,0,18.02065086364746,nan,18.02065086364746,nan
AF-P9WKL5-F1,28574,0,0.0,0,25.63374137878418,nan,25.63374137878418,nan
AF-P9WIK5-F1,50454,0,0.0,0,12.167734146118164,nan,12.167734146118164,nan
AF-P87314-F1,134394,0,0.0,0,15.325479507446289,nan,15.325479507446289,nan
AF-Q00888-3-F1,50686,0,0.0,0,12.790900230407715,nan,12.790900230407715,nan
AF-P9WQH5-F1,50992,0,0.0,0,13.20612621307373,nan,13.20612621307373,nan
AF-P9WHJ3-F1,96881,0,0.0,0,19.81148338317871,nan,19.81148338317871,nan
AF-Q00888-F1,62209,0,0.0,0,15.452877044677734,nan,15.452877044677734,nan
AF-P9WL21-F1,81136,0,0.0,0,35.230926513671875,nan,35.230926513671875,nan
AF-Q02MM2-F1,27263,0,0.0,0,19.768890380859375,nan,19.768890380859375,nan
AF-Q03920-F1,26776,0,0.0,0,12.901036262512207,nan,12.901036262512207,nan
AF-Q02733-F1,61953,0,0.0,0,18.76344108581543,nan,18.76344108581543,nan
AF-Q02796-F1,79041,0,0.0,0,8.55018138885498,nan,8.55018138885498,nan
AF-Q04179-F1,32720,0,0.0,0,20.71275520324707,nan,20.71275520324707,nan
AF-Q02457-F1,95927,0,0.0,0,12.968656539916992,nan,12.968656539916992,nan
AF-Q04KE2-F1,24389,0,0.0,0,16.51276969909668,nan,16.51276969909668,nan
AF-Q04087-F1,83912,0,0.0,0,12.261188507080078,nan,12.261188507080078,nan
AF-Q04728-F1,48109,0,0.0,0,28.72954559326172,nan,28.72954559326172,nan
AF-Q05153-2-F1,41380,0,0.0,0,13.019498825073242,nan,13.019498825073242,nan
AF-Q03571-F1,105997,0,0.0,0,14.48373031616211,nan,14.48373031616211,nan
AF-Q02328-2-F1,143699,0,0.0,0,15.995466232299805,nan,15.995466232299805,nan
AF-Q06348-F1,51383,0,0.0,0,17.296470642089844,nan,17.296470642089844,nan
AF-Q05156-F1,71356,0,0.0,0,22.811220169067383,nan,22.811220169067383,nan
AF-Q05153-F1,102955,0,0.0,0,14.168426513671875,nan,14.168426513671875,nan
AF-Q05519-2-F1,109311,0,0.0,0,17.301239013671875,nan,17.301239013671875,nan
AF-Q06583-F1,83957,0,0.0,0,13.773313522338867,nan,13.773313522338867,nan
AF-Q04974-F1,106325,0,0.0,0,29.36205291748047,nan,29.36205291748047,nan
AF-Q081J0-F1,34990,0,0.0,0,12.716085433959961,nan,12.716085433959961,nan
AF-Q07395-F1,78927,0,0.0,0,40.83186721801758,nan,40.83186721801758,nan
AF-Q0AYA9-F1,13867,0,0.0,0,6.990891456604004,nan,6.990891456604004,nan
AF-Q06078-F1,126057,0,0.0,0,16.2967586517334,nan,16.2967586517334,nan
AF-Q07845-F1,89303,0,0.0,0,26.270130157470703,nan,26.270130157470703,nan
AF-Q09235-F1,50548,0,0.0,0,14.556669235229492,nan,14.556669235229492,nan
AF-Q07655-F1,137029,0,0.0,0,22.364988327026367,nan,22.364988327026367,nan
AF-Q0HQI7-F1,36014,0,0.0,0,53.7072639465332,nan,53.7072639465332,nan
AF-Q08683-F1,103405,0,0.0,0,23.605281829833984,nan,23.605281829833984,nan
AF-Q0E8C8-F1,58334,0,0.0,0,18.071184158325195,nan,18.071184158325195,nan
AF-Q0W085-F1,31961,0,0.0,0,12.919540405273438,nan,12.919540405273438,nan
AF-Q0JB89-F1,73002,0,0.0,0,15.73719310760498,nan,15.73719310760498,nan
AF-Q0V8R7-F1,52218,0,0.0,0,18.428325653076172,nan,18.428325653076172,nan
AF-Q0VCL3-F1,49576,0,0.0,0,26.75983238220215,nan,26.75983238220215,nan
AF-Q08887-F1,134682,0,0.0,0,11.473502159118652,nan,11.473502159118652,nan
AF-Q10273-F1,33566,0,0.0,0,11.830988883972168,nan,11.830988883972168,nan
AF-Q10336-F1,74705,0,0.0,0,10.66281795501709,nan,10.66281795501709,nan
AF-Q12223-F1,42953,0,0.0,0,10.299992561340332,nan,10.299992561340332,nan
AF-Q10579-F1,74547,0,0.0,0,14.099845886230469,nan,14.099845886230469,nan
AF-Q0J7Y8-F1,165115,0,0.0,0,23.32403564453125,nan,23.32403564453125,nan
AF-Q0P4V4-F1,149593,0,0.0,0,16.141836166381836,nan,16.141836166381836,nan
AF-Q0WR66-2-F1,127545,0,0.0,0,13.656502723693848,nan,13.656502723693848,nan
AF-Q12211-F1,79179,0,0.0,0,33.88309860229492,nan,33.88309860229492,nan
AF-Q12805-5-F1,57748,0,0.0,0,15.036646842956543,nan,15.036646842956543,nan
AF-Q13426-F1,65122,0,0.0,0,12.60768985748291,nan,12.60768985748291,nan
AF-Q13976-3-F1,52234,0,0.0,0,23.309253692626953,nan,23.309253692626953,nan
AF-Q14153-2-F1,74883,0,0.0,0,12.141672134399414,nan,12.141672134399414,nan
AF-Q14153-F1,102113,0,0.0,0,8.858851432800293,nan,8.858851432800293,nan
AF-Q12310-F1,128605,0,0.0,0,11.298094749450684,nan,11.298094749450684,nan
AF-Q14CB8-5-F1,45876,0,0.0,0,14.373137474060059,nan,14.373137474060059,nan
AF-Q14AI6-2-F1,49030,0,0.0,0,25.542186737060547,nan,25.542186737060547,nan
AF-Q18JF4-F1,15375,0,0.0,0,11.729521751403809,nan,11.729521751403809,nan
AF-Q1J6G8-F1,18561,0,0.0,0,15.484304428100586,nan,15.484304428100586,nan
AF-Q1CLL0-F1,31811,0,0.0,0,13.887521743774414,nan,13.887521743774414,nan
AF-Q1IF47-F1,27432,0,0.0,0,12.285694122314453,nan,12.285694122314453,nan
AF-Q17381-3-F1,89631,0,0.0,0,25.955394744873047,nan,25.955394744873047,nan
AF-Q14934-18-F1,139015,0,0.0,0,11.791507720947266,nan,11.791507720947266,nan
AF-Q1L9C7-2-F1,40590,0,0.0,0,10.127018928527832,nan,10.127018928527832,nan
AF-Q20561-F1,27095,0,0.0,0,14.892451286315918,nan,14.892451286315918,nan
AF-Q21738-F1,49763,0,0.0,0,12.06767749786377,nan,12.06767749786377,nan
AF-Q19642-F1,106024,0,0.0,0,15.072731018066406,nan,15.072731018066406,nan
AF-Q25189-F1,34560,0,0.0,0,20.03287696838379,nan,20.03287696838379,nan
AF-Q23552-3-F1,48951,0,0.0,0,11.48442268371582,nan,11.48442268371582,nan
AF-Q28283-F1,50390,0,0.0,0,12.333796501159668,nan,12.333796501159668,nan
AF-Q2G8J9-F1,14427,0,0.0,0,8.583237648010254,nan,8.583237648010254,nan
AF-Q2I2R5-F1,12690,0,0.0,0,8.944013595581055,nan,8.944013595581055,nan
AF-Q21836-F1,80417,0,0.0,0,11.783649444580078,nan,11.783649444580078,nan
AF-Q2HJF4-F1,32229,0,0.0,0,32.72882080078125,nan,32.72882080078125,nan
AF-Q1KMD3-F1,132772,0,0.0,0,19.465042114257812,nan,19.465042114257812,nan
AF-Q2KBV2-F1,31250,0,0.0,0,24.252492904663086,nan,24.252492904663086,nan
AF-Q2IPT3-F1,41266,0,0.0,0,21.232933044433594,nan,21.232933044433594,nan
AF-Q2V3I3-F1,23120,0,0.0,0,16.52707862854004,nan,16.52707862854004,nan
AF-Q2V4E2-F1,21218,0,0.0,0,13.8240966796875,nan,13.8240966796875,nan
AF-Q2NL34-F1,57128,0,0.0,0,16.290191650390625,nan,16.290191650390625,nan
AF-Q2YDF1-F1,39811,0,0.0,0,24.92290496826172,nan,24.92290496826172,nan
AF-Q28DZ1-F1,106340,0,0.0,0,12.635504722595215,nan,12.635504722595215,nan
AF-Q2UIM2-F1,46592,0,0.0,0,17.244421005249023,nan,17.244421005249023,nan
AF-Q30XT2-F1,25913,0,0.0,0,17.150190353393555,nan,17.150190353393555,nan
AF-Q3C256-F1,15234,0,0.0,0,10.572330474853516,nan,10.572330474853516,nan
AF-Q38879-F1,19523,0,0.0,0,13.227593421936035,nan,13.227593421936035,nan
AF-Q3E9I4-F1,24908,0,0.0,0,14.38840389251709,nan,14.38840389251709,nan
AF-Q2KIQ2-F1,109030,0,0.0,0,12.179594039916992,nan,12.179594039916992,nan
AF-Q298W7-F1,145225,0,0.0,0,11.302872657775879,nan,11.302872657775879,nan
AF-Q3SL47-F1,34425,0,0.0,0,25.439868927001953,nan,25.439868927001953,nan
AF-Q3SWF3-F1,42710,0,0.0,0,26.564865112304688,nan,26.564865112304688,nan
AF-Q3U0V2-F1,45957,0,0.0,0,11.790399551391602,nan,11.790399551391602,nan
AF-Q3S8Q4-F1,65162,0,0.0,0,23.314678192138672,nan,23.314678192138672,nan
AF-Q3U1T9-5-F1,53190,0,0.0,0,14.716465950012207,nan,14.716465950012207,nan
AF-Q47149-F1,13555,0,0.0,0,10.110273361206055,nan,10.110273361206055,nan
AF-Q3ZXU5-F1,38377,0,0.0,0,25.750324249267578,nan,25.750324249267578,nan
AF-Q38861-F1,113784,0,0.0,0,22.080825805664062,nan,22.080825805664062,nan
AF-Q38CE9-F1,128724,0,0.0,0,33.693241119384766,nan,33.693241119384766,nan
AF-Q3URY2-2-F1,78463,0,0.0,0,11.031150817871094,nan,11.031150817871094,nan
AF-Q49428-F1,38914,0,0.0,0,24.038469314575195,nan,24.038469314575195,nan
AF-Q43866-F1,64855,0,0.0,0,18.097257614135742,nan,18.097257614135742,nan
AF-Q49W78-F1,10341,0,0.0,0,22.868194580078125,nan,22.868194580078125,nan
AF-Q3U829-F1,106249,0,0.0,0,10.610919952392578,nan,10.610919952392578,nan
AF-Q498R1-2-F1,66048,0,0.0,0,23.781843185424805,nan,23.781843185424805,nan
AF-Q4QIU7-F1,33472,0,0.0,0,47.39387130737305,nan,47.39387130737305,nan
AF-Q4FZV0-2-F1,58268,0,0.0,0,16.23015594482422,nan,16.23015594482422,nan
AF-Q498R1-F1,94904,0,0.0,0,30.63880729675293,nan,30.63880729675293,nan
AF-Q50770-F1,18825,0,0.0,0,15.830897331237793,nan,15.830897331237793,nan
AF-Q4G074-F1,84320,0,0.0,0,19.370059967041016,nan,19.370059967041016,nan
AF-Q499A3-F1,107115,0,0.0,0,15.593948364257812,nan,15.593948364257812,nan
AF-Q4WZ67-F1,53028,0,0.0,0,24.69976043701172,nan,24.69976043701172,nan
AF-Q48DU8-F1,135530,0,0.0,0,18.757112503051758,nan,18.757112503051758,nan
AF-Q51519-F1,63926,0,0.0,0,38.17070007324219,nan,38.17070007324219,nan
AF-Q52VH2-F1,44770,0,0.0,0,19.0457706451416,nan,19.0457706451416,nan
AF-Q52725-F1,49086,0,0.0,0,15.495238304138184,nan,15.495238304138184,nan
AF-Q53197-F1,61010,0,0.0,0,15.407403945922852,nan,15.407403945922852,nan
AF-Q54DN6-F1,55693,0,0.0,0,42.666202545166016,nan,42.666202545166016,nan
AF-Q52149-F1,126702,0,0.0,0,29.89519500732422,nan,29.89519500732422,nan
AF-Q54DL7-F1,123256,0,0.0,0,24.760835647583008,nan,24.760835647583008,nan
AF-Q54FM3-F1,107059,0,0.0,0,42.25920486450195,nan,42.25920486450195,nan
AF-Q54F11-F1,152614,0,0.0,0,10.620736122131348,nan,10.620736122131348,nan
AF-Q55433-F1,23012,0,0.0,0,8.332697868347168,nan,8.332697868347168,nan
AF-Q54JV5-F1,155162,0,0.0,0,29.726238250732422,nan,29.726238250732422,nan
AF-Q54NU9-F1,99811,0,0.0,0,20.247459411621094,nan,20.247459411621094,nan
AF-Q54IL2-F1,153639,0,0.0,0,20.81916618347168,nan,20.81916618347168,nan
AF-Q55FC3-F1,18208,0,0.0,0,9.253884315490723,nan,9.253884315490723,nan
AF-Q57872-F1,28254,0,0.0,0,15.921805381774902,nan,15.921805381774902,nan
AF-Q57G28-F1,18764,0,0.0,0,10.028839111328125,nan,10.028839111328125,nan
AF-Q58988-F1,14079,0,0.0,0,9.042837142944336,nan,9.042837142944336,nan
AF-Q54PK9-F1,168951,0,0.0,0,18.386987686157227,nan,18.386987686157227,nan
AF-Q58784-F1,19409,0,0.0,0,11.741928100585938,nan,11.741928100585938,nan
AF-Q59NP5-F1,60769,0,0.0,0,20.6302433013916,nan,20.6302433013916,nan
AF-Q58DN7-F1,70761,0,0.0,0,38.88677215576172,nan,38.88677215576172,nan
AF-Q59VH7-F1,87134,0,0.0,0,18.051729202270508,nan,18.051729202270508,nan
AF-Q55CK2-F1,157594,0,0.0,0,10.355422973632812,nan,10.355422973632812,nan
AF-Q5A6T5-F1,105148,0,0.0,0,23.884628295898438,nan,23.884628295898438,nan
AF-Q55F94-3-F1,140904,0,0.0,0,32.87726974487305,nan,32.87726974487305,nan
AF-Q5BL28-F1,44251,0,0.0,0,21.71558952331543,nan,21.71558952331543,nan
AF-Q55GH4-F1,129100,0,0.0,0,20.547866821289062,nan,20.547866821289062,nan
AF-Q5DUY3-F1,23457,0,0.0,0,29.280078887939453,nan,29.280078887939453,nan
AF-Q5AYE3-F1,87824,0,0.0,0,19.625822067260742,nan,19.625822067260742,nan
AF-Q5AP53-F1,135307,0,0.0,0,22.6135311126709,nan,22.6135311126709,nan
AF-Q5EA18-F1,49473,0,0.0,0,17.67892837524414,nan,17.67892837524414,nan
AF-Q5DU00-2-F1,74230,0,0.0,0,19.51533317565918,nan,19.51533317565918,nan
AF-Q5DU00-F1,96041,0,0.0,0,13.46657657623291,nan,13.46657657623291,nan
AF-Q5FBB7-5-F1,61452,0,0.0,0,12.427217483520508,nan,12.427217483520508,nan
AF-Q5P107-F1,30532,0,0.0,0,13.277388572692871,nan,13.277388572692871,nan
AF-Q5E913-F1,108237,0,0.0,0,18.743736267089844,nan,18.743736267089844,nan
AF-Q5L3P0-F1,58326,0,0.0,0,18.657880783081055,nan,18.657880783081055,nan
AF-Q5NDL1-F1,64363,0,0.0,0,16.136274337768555,nan,16.136274337768555,nan
AF-Q5QY14-F1,19556,0,0.0,0,25.104887008666992,nan,25.104887008666992,nan
AF-Q5LB17-F1,80232,0,0.0,0,20.381305694580078,nan,20.381305694580078,nan
AF-Q5QJC9-F1,61821,0,0.0,0,22.134889602661133,nan,22.134889602661133,nan
AF-Q5FZP5-F1,144168,0,0.0,0,19.12806510925293,nan,19.12806510925293,nan
AF-Q5P9M8-F1,92516,0,0.0,0,16.43769645690918,nan,16.43769645690918,nan
AF-Q5SZJ8-2-F1,24837,0,0.0,0,9.680015563964844,nan,9.680015563964844,nan
AF-Q5SZJ8-3-F1,34122,0,0.0,0,16.066682815551758,nan,16.066682815551758,nan
AF-Q5SZJ8-4-F1,43673,0,0.0,0,9.230567932128906,nan,9.230567932128906,nan
AF-Q5R8Z4-F1,124471,0,0.0,0,17.79073715209961,nan,17.79073715209961,nan
AF-Q5SZJ8-F1,56966,0,0.0,0,17.29166603088379,nan,17.29166603088379,nan
AF-Q5RBY8-F1,139871,0,0.0,0,23.625308990478516,nan,23.625308990478516,nan
AF-Q5TYW6-F1,35252,0,0.0,0,15.280172348022461,nan,15.280172348022461,nan
AF-Q5R7F9-F1,173888,0,0.0,0,11.986385345458984,nan,11.986385345458984,nan
AF-Q5Y4V6-F1,13918,0,0.0,0,14.087875366210938,nan,14.087875366210938,nan
AF-Q5SW24-2-F1,143599,0,0.0,0,11.821687698364258,nan,11.821687698364258,nan
AF-Q5RDI0-F1,155637,0,0.0,0,23.444028854370117,nan,23.444028854370117,nan
AF-Q5VRY0-F1,98442,0,0.0,0,31.00575065612793,nan,31.00575065612793,nan
AF-Q5TYP4-F1,116855,0,0.0,0,20.190176010131836,nan,20.190176010131836,nan
AF-Q62426-F1,13670,0,0.0,0,10.429794311523438,nan,10.429794311523438,nan
AF-Q5WA76-F1,116833,0,0.0,0,13.10582160949707,nan,13.10582160949707,nan
AF-Q61122-F1,98871,0,0.0,0,11.207223892211914,nan,11.207223892211914,nan
AF-Q62782-F1,61172,0,0.0,0,13.330744743347168,nan,13.330744743347168,nan
AF-Q63665-5-F1,4273,0,0.0,0,7.310844421386719,nan,7.310844421386719,nan
AF-Q62935-F1,59383,0,0.0,0,17.260841369628906,nan,17.260841369628906,nan
AF-Q63250-F1,58967,0,0.0,0,24.142601013183594,nan,24.142601013183594,nan
AF-Q62698-F1,89286,0,0.0,0,18.23183822631836,nan,18.23183822631836,nan
AF-Q5XV31-F1,171420,0,0.0,0,13.369174003601074,nan,13.369174003601074,nan
AF-Q64709-3-F1,38685,0,0.0,0,9.832365989685059,nan,9.832365989685059,nan
AF-Q64669-F1,34511,0,0.0,0,21.668777465820312,nan,21.668777465820312,nan
AF-Q60662-2-F1,171757,0,0.0,0,17.68830680847168,nan,17.68830680847168,nan
AF-Q63665-3-F1,61875,0,0.0,0,9.948938369750977,nan,9.948938369750977,nan
AF-Q63518-F1,90096,0,0.0,0,14.981549263000488,nan,14.981549263000488,nan
AF-Q64332-2-F1,79513,0,0.0,0,13.600948333740234,nan,13.600948333740234,nan
AF-Q68EV5-F1,44348,0,0.0,0,16.394176483154297,nan,16.394176483154297,nan
AF-Q65ZG8-2-F1,68299,0,0.0,0,7.822883129119873,nan,7.822883129119873,nan
AF-Q651U1-F1,75448,0,0.0,0,28.968904495239258,nan,28.968904495239258,nan
AF-Q6CZW2-F1,11942,0,0.0,0,11.522418975830078,nan,11.522418975830078,nan
AF-Q6AT33-F1,57570,0,0.0,0,14.536975860595703,nan,14.536975860595703,nan
AF-Q65ZG8-3-F1,78001,0,0.0,0,16.069049835205078,nan,16.069049835205078,nan
AF-Q6EZC3-F1,20411,0,0.0,0,18.81953239440918,nan,18.81953239440918,nan
AF-Q6IGX9-F1,15339,0,0.0,0,14.325849533081055,nan,14.325849533081055,nan
AF-Q6FUQ5-F1,35327,0,0.0,0,15.032703399658203,nan,15.032703399658203,nan
AF-Q65ZG8-F1,110032,0,0.0,0,19.336584091186523,nan,19.336584091186523,nan
AF-Q6IV18-2-F1,11917,0,0.0,0,20.513029098510742,nan,20.513029098510742,nan
AF-Q6IV18-F1,18557,0,0.0,0,16.068294525146484,nan,16.068294525146484,nan
AF-Q68FU8-F1,134491,0,0.0,0,14.165343284606934,nan,14.165343284606934,nan
AF-Q6IQS6-F1,44238,0,0.0,0,14.147493362426758,nan,14.147493362426758,nan
AF-Q6DGN6-2-F1,115015,0,0.0,0,13.190787315368652,nan,13.190787315368652,nan
AF-Q6DDS9-F1,119021,0,0.0,0,21.463869094848633,nan,21.463869094848633,nan
AF-Q6C9N0-F1,136063,0,0.0,0,16.027332305908203,nan,16.027332305908203,nan
AF-Q6JHY2-3-F1,76636,0,0.0,0,13.701876640319824,nan,13.701876640319824,nan
AF-Q6MEC8-F1,43767,0,0.0,0,16.85393714904785,nan,16.85393714904785,nan
AF-Q6FRZ8-F1,131698,0,0.0,0,12.910335540771484,nan,12.910335540771484,nan
AF-Q6TLJ2-F1,30895,0,0.0,0,14.59228229522705,nan,14.59228229522705,nan
AF-Q6KF82-F1,75441,0,0.0,0,24.76223373413086,nan,24.76223373413086,nan
AF-Q6RY98-F1,52856,0,0.0,0,31.250226974487305,nan,31.250226974487305,nan
AF-Q6NXY1-4-F1,96718,0,0.0,0,17.145353317260742,nan,17.145353317260742,nan
AF-Q6UWZ7-2-F1,65322,0,0.0,0,9.779926300048828,nan,9.779926300048828,nan
AF-Q6UXB8-2-F1,42498,0,0.0,0,17.16632843017578,nan,17.16632843017578,nan
AF-Q6NYC8-2-F1,90874,0,0.0,0,11.124407768249512,nan,11.124407768249512,nan
AF-Q6Y4S4-2-F1,29377,0,0.0,0,8.563933372497559,nan,8.563933372497559,nan
AF-Q6UWZ7-F1,79016,0,0.0,0,11.393714904785156,nan,11.393714904785156,nan
AF-Q6XBF8-F1,51179,0,0.0,0,28.517887115478516,nan,28.517887115478516,nan
AF-Q6ZVD7-2-F1,37990,0,0.0,0,18.39468765258789,nan,18.39468765258789,nan
AF-Q6SPE9-F1,108000,0,0.0,0,13.566617012023926,nan,13.566617012023926,nan
AF-Q75WH1-F1,21842,0,0.0,0,9.33128833770752,nan,9.33128833770752,nan
AF-Q70PR7-F1,46644,0,0.0,0,27.602304458618164,nan,27.602304458618164,nan
AF-Q7A425-F1,19301,0,0.0,0,11.761162757873535,nan,11.761162757873535,nan
AF-Q726S7-F1,79063,0,0.0,0,23.482709884643555,nan,23.482709884643555,nan
AF-Q75EQ0-F1,77457,0,0.0,0,9.700199127197266,nan,9.700199127197266,nan
AF-Q7L4P6-2-F1,48182,0,0.0,0,19.35751724243164,nan,19.35751724243164,nan
AF-Q6YZI0-F1,114324,0,0.0,0,23.348237991333008,nan,23.348237991333008,nan
AF-Q7L513-6-F1,39667,0,0.0,0,9.961933135986328,nan,9.961933135986328,nan
AF-Q7MYW8-F1,23195,0,0.0,0,11.9320707321167,nan,11.9320707321167,nan
AF-Q75PQ8-F1,111498,0,0.0,0,22.10183334350586,nan,22.10183334350586,nan
AF-Q7Q3J5-F1,15032,0,0.0,0,14.206731796264648,nan,14.206731796264648,nan
AF-Q7PTL0-F1,31872,0,0.0,0,9.107562065124512,nan,9.107562065124512,nan
AF-Q7VV85-F1,16336,0,0.0,0,9.586712837219238,nan,9.586712837219238,nan
AF-Q6ZVF9-F1,179958,0,0.0,0,10.947355270385742,nan,10.947355270385742,nan
AF-Q7NXL8-F1,44143,0,0.0,0,12.331070899963379,nan,12.331070899963379,nan
AF-Q7VWE4-F1,19751,0,0.0,0,14.15207290649414,nan,14.15207290649414,nan
AF-Q7MUW6-F1,84684,0,0.0,0,18.96653175354004,nan,18.96653175354004,nan
AF-Q76N32-2-F1,138207,0,0.0,0,13.856087684631348,nan,13.856087684631348,nan
AF-Q7Z3D6-6-F1,34194,0,0.0,0,21.10646629333496,nan,21.10646629333496,nan
AF-Q76MT4-F1,178168,0,0.0,0,28.223867416381836,nan,28.223867416381836,nan
AF-Q7Z7E8-2-F1,40516,0,0.0,0,14.07257080078125,nan,14.07257080078125,nan
AF-Q7Z3D6-2-F1,69771,0,0.0,0,15.683698654174805,nan,15.683698654174805,nan
AF-Q804R0-F1,56114,0,0.0,0,16.0494327545166,nan,16.0494327545166,nan
AF-Q7Z7E8-F1,64425,0,0.0,0,15.433307647705078,nan,15.433307647705078,nan
AF-Q80Y83-16-F1,22702,0,0.0,0,37.13877487182617,nan,37.13877487182617,nan
AF-Q7Z5Q5-3-F1,106623,0,0.0,0,19.75928497314453,nan,19.75928497314453,nan
AF-Q80WJ1-2-F1,64051,0,0.0,0,14.174932479858398,nan,14.174932479858398,nan
AF-Q7XYY2-2-F1,150515,0,0.0,0,17.963533401489258,nan,17.963533401489258,nan
AF-Q820U3-F1,35049,0,0.0,0,15.33414077758789,nan,15.33414077758789,nan
AF-Q80Z29-F1,57187,0,0.0,0,17.210721969604492,nan,17.210721969604492,nan
AF-Q80Z64-2-F1,65796,0,0.0,0,12.724138259887695,nan,12.724138259887695,nan
AF-Q7Z5Q5-F1,139054,0,0.0,0,32.08888244628906,nan,32.08888244628906,nan
AF-Q840P8-F1,29392,0,0.0,0,21.597938537597656,nan,21.597938537597656,nan
AF-Q80UK0-F1,101499,0,0.0,0,17.77589988708496,nan,17.77589988708496,nan
AF-Q84JU4-2-F1,25612,0,0.0,0,20.049331665039062,nan,20.049331665039062,nan
AF-Q84T68-F1,30573,0,0.0,0,15.381370544433594,nan,15.381370544433594,nan
AF-Q84JU4-F1,43420,0,0.0,0,23.517637252807617,nan,23.517637252807617,nan
AF-Q811S9-F1,90244,0,0.0,0,44.75431823730469,nan,44.75431823730469,nan
AF-Q80WJ1-F1,154480,0,0.0,0,12.538444519042969,nan,12.538444519042969,nan
AF-Q86X83-2-F1,25710,0,0.0,0,9.920166015625,nan,9.920166015625,nan
AF-Q86UY5-2-F1,55686,0,0.0,0,13.960249900817871,nan,13.960249900817871,nan
AF-Q867T7-F1,110559,0,0.0,0,18.00618553161621,nan,18.00618553161621,nan
AF-Q89AY6-F1,51834,0,0.0,0,12.903169631958008,nan,12.903169631958008,nan
AF-Q86UX2-2-F1,102015,0,0.0,0,14.170716285705566,nan,14.170716285705566,nan
AF-Q88JG6-F1,84238,0,0.0,0,12.356759071350098,nan,12.356759071350098,nan
AF-Q8BNU0-2-F1,35393,0,0.0,0,15.894951820373535,nan,15.894951820373535,nan
AF-Q84V03-3-F1,159194,0,0.0,0,15.619134902954102,nan,15.619134902954102,nan
AF-Q8BWR2-F1,31928,0,0.0,0,19.066320419311523,nan,19.066320419311523,nan
AF-Q8BH65-2-F1,77240,0,0.0,0,18.40508460998535,nan,18.40508460998535,nan
AF-Q8CAK3-2-F1,25162,0,0.0,0,17.448486328125,nan,17.448486328125,nan
AF-Q8BNU0-F1,54544,0,0.0,0,15.582365989685059,nan,15.582365989685059,nan
AF-Q8BQJ6-F1,67493,0,0.0,0,24.99850082397461,nan,24.99850082397461,nan
AF-Q8CE96-4-F1,33314,0,0.0,0,10.683370590209961,nan,10.683370590209961,nan
AF-Q8CE96-3-F1,51618,0,0.0,0,14.46369457244873,nan,14.46369457244873,nan
AF-Q8CJ67-5-F1,24444,0,0.0,0,9.015754699707031,nan,9.015754699707031,nan
AF-Q8C167-2-F1,70920,0,0.0,0,27.76999855041504,nan,27.76999855041504,nan
AF-Q8CEZ0-F1,53710,0,0.0,0,13.985723495483398,nan,13.985723495483398,nan
AF-Q8BWQ4-F1,94139,0,0.0,0,20.926345825195312,nan,20.926345825195312,nan
AF-Q8GT41-F1,23615,0,0.0,0,12.310528755187988,nan,12.310528755187988,nan
AF-Q8CPP2-F1,42429,0,0.0,0,20.0969181060791,nan,20.0969181060791,nan
AF-Q8CT62-F1,32203,0,0.0,0,15.930420875549316,nan,15.930420875549316,nan
AF-Q8CE96-F1,80886,0,0.0,0,30.449026107788086,nan,30.449026107788086,nan
AF-Q8GY54-F1,29729,0,0.0,0,20.209440231323242,nan,20.209440231323242,nan
AF-Q8CGX0-F1,89977,0,0.0,0,14.797065734863281,nan,14.797065734863281,nan
AF-Q8IUZ5-3-F1,26747,0,0.0,0,11.047277450561523,nan,11.047277450561523,nan
AF-Q8H1S6-F1,37032,0,0.0,0,14.480774879455566,nan,14.480774879455566,nan
AF-Q8IVS2-2-F1,29670,0,0.0,0,11.76723861694336,nan,11.76723861694336,nan
AF-Q8HXH6-F1,60526,0,0.0,0,19.750179290771484,nan,19.750179290771484,nan
AF-Q8IVS2-F1,49805,0,0.0,0,31.693363189697266,nan,31.693363189697266,nan
AF-Q8IUH3-3-F1,78923,0,0.0,0,14.014885902404785,nan,14.014885902404785,nan
AF-Q8IYX4-F1,54877,0,0.0,0,21.96424674987793,nan,21.96424674987793,nan
AF-Q8GYY7-F1,117164,0,0.0,0,20.388614654541016,nan,20.388614654541016,nan
AF-Q8K4R4-2-F1,37204,0,0.0,0,14.852989196777344,nan,14.852989196777344,nan
AF-Q8GYL7-F1,129140,0,0.0,0,15.225361824035645,nan,15.225361824035645,nan
AF-Q8LAD7-F1,18741,0,0.0,0,13.060619354248047,nan,13.060619354248047,nan
AF-Q8MJD6-F1,12719,0,0.0,0,9.552080154418945,nan,9.552080154418945,nan
AF-Q8L3W1-F1,55839,0,0.0,0,14.950331687927246,nan,14.950331687927246,nan
AF-Q8K4L6-F1,106032,0,0.0,0,10.650960922241211,nan,10.650960922241211,nan
AF-Q8K3E9-2-F1,105797,0,0.0,0,12.335480690002441,nan,12.335480690002441,nan
AF-Q8N302-2-F1,24240,0,0.0,0,9.224205017089844,nan,9.224205017089844,nan
AF-Q8N100-F1,33519,0,0.0,0,14.04317569732666,nan,14.04317569732666,nan
AF-Q8KIL1-F1,70218,0,0.0,0,16.605302810668945,nan,16.605302810668945,nan
AF-Q8N4T8-2-F1,22003,0,0.0,0,22.135251998901367,nan,22.135251998901367,nan
AF-Q8N302-3-F1,41129,0,0.0,0,9.540629386901855,nan,9.540629386901855,nan
AF-Q8N584-3-F1,16179,0,0.0,0,8.927468299865723,nan,8.927468299865723,nan
AF-Q8N4U5-2-F1,47016,0,0.0,0,11.293340682983398,nan,11.293340682983398,nan
AF-Q8NFU3-3-F1,14641,0,0.0,0,20.168581008911133,nan,20.168581008911133,nan
AF-Q8N8Y2-F1,45288,0,0.0,0,25.843202590942383,nan,25.843202590942383,nan
AF-Q8K2V6-2-F1,115604,0,0.0,0,26.44401741027832,nan,26.44401741027832,nan
AF-Q8N4U5-F1,80272,0,0.0,0,17.752668380737305,nan,17.752668380737305,nan
AF-Q8NI38-3-F1,24451,0,0.0,0,11.78411865234375,nan,11.78411865234375,nan
AF-Q8N9N5-F1,102720,0,0.0,0,17.17806053161621,nan,17.17806053161621,nan
AF-Q8NBH2-3-F1,95778,0,0.0,0,12.189193725585938,nan,12.189193725585938,nan
AF-Q8NI38-F1,38881,0,0.0,0,14.793967247009277,nan,14.793967247009277,nan
AF-Q8NHP7-2-F1,71641,0,0.0,0,10.41637134552002,nan,10.41637134552002,nan
AF-Q8NEB7-F1,96868,0,0.0,0,15.51231861114502,nan,15.51231861114502,nan
AF-Q8R7V6-F1,15558,0,0.0,0,19.205965042114258,nan,19.205965042114258,nan
AF-Q8N302-F1,150295,0,0.0,0,16.272872924804688,nan,16.272872924804688,nan
AF-Q8RUD6-F1,27783,0,0.0,0,25.118064880371094,nan,25.118064880371094,nan
AF-Q8RY71-2-F1,33094,0,0.0,0,12.099112510681152,nan,12.099112510681152,nan
AF-Q8RY71-F1,35476,0,0.0,0,18.718217849731445,nan,18.718217849731445,nan
AF-Q8S2G4-F1,72148,0,0.0,0,21.492168426513672,nan,21.492168426513672,nan
AF-Q8S8C7-F1,56834,0,0.0,0,15.62781810760498,nan,15.62781810760498,nan
AF-Q8TBK2-2-F1,58214,0,0.0,0,26.39265251159668,nan,26.39265251159668,nan
AF-Q8TGJ1-F1,11588,0,0.0,0,7.163969039916992,nan,7.163969039916992,nan
AF-Q8R2U2-F1,103630,0,0.0,0,22.57656478881836,nan,22.57656478881836,nan
AF-Q8TF74-2-F1,67330,0,0.0,0,11.801494598388672,nan,11.801494598388672,nan
AF-Q8TI93-F1,22871,0,0.0,0,17.908559799194336,nan,17.908559799194336,nan
AF-Q8R555-F1,73210,0,0.0,0,15.41059398651123,nan,15.41059398651123,nan
AF-Q8WT56-F1,27863,0,0.0,0,18.01645851135254,nan,18.01645851135254,nan
AF-Q8R2G6-F1,183033,0,0.0,0,23.379379272460938,nan,23.379379272460938,nan
AF-Q8UWD9-F1,62665,0,0.0,0,9.664284706115723,nan,9.664284706115723,nan
AF-Q8VDM6-3-F1,73115,0,0.0,0,19.484416961669922,nan,19.484416961669922,nan
AF-Q8TEL6-3-F1,106994,0,0.0,0,15.719791412353516,nan,15.719791412353516,nan
AF-Q8TF74-F1,102109,0,0.0,0,12.305789947509766,nan,12.305789947509766,nan
AF-Q8WXC6-F1,12287,0,0.0,0,14.50761604309082,nan,14.50761604309082,nan
AF-Q8WXB1-F1,29095,0,0.0,0,19.266815185546875,nan,19.266815185546875,nan
AF-Q8WTP8-F1,60208,0,0.0,0,15.074518203735352,nan,15.074518203735352,nan
AF-Q8WTS6-F1,47299,0,0.0,0,19.214445114135742,nan,19.214445114135742,nan
AF-Q8WZ26-F1,29834,0,0.0,0,12.460165023803711,nan,12.460165023803711,nan
AF-Q8XAU9-F1,26890,0,0.0,0,15.949054718017578,nan,15.949054718017578,nan
AF-Q8WXC6-1-F1,54930,0,0.0,0,12.408504486083984,nan,12.408504486083984,nan
AF-Q8WXW3-2-F1,47264,0,0.0,0,13.875709533691406,nan,13.875709533691406,nan
AF-Q8XHS9-F1,33219,0,0.0,0,13.55395793914795,nan,13.55395793914795,nan
AF-Q8ZF73-F1,33530,0,0.0,0,66.48884582519531,nan,66.48884582519531,nan
AF-Q91605-F1,32485,0,0.0,0,9.409189224243164,nan,9.409189224243164,nan
AF-Q91ZD6-2-F1,29051,0,0.0,0,13.159713745117188,nan,13.159713745117188,nan
AF-Q91WK7-F1,48935,0,0.0,0,9.876936912536621,nan,9.876936912536621,nan
AF-Q91W90-F1,62767,0,0.0,0,14.153635025024414,nan,14.153635025024414,nan
AF-Q91VL8-F1,71414,0,0.0,0,12.041763305664062,nan,12.041763305664062,nan
AF-Q91ZD6-F1,53568,0,0.0,0,14.023568153381348,nan,14.023568153381348,nan
AF-Q923D4-F1,16530,0,0.0,0,12.274882316589355,nan,12.274882316589355,nan
AF-Q8VDP4-F1,171378,0,0.0,0,20.871274948120117,nan,20.871274948120117,nan
AF-Q91YM4-2-F1,83874,0,0.0,0,17.32435417175293,nan,17.32435417175293,nan
AF-Q922K9-F1,73715,0,0.0,0,15.32680892944336,nan,15.32680892944336,nan
AF-Q92796-3-F1,61566,0,0.0,0,11.644367218017578,nan,11.644367218017578,nan
AF-Q921U8-4-F1,90786,0,0.0,0,13.046968460083008,nan,13.046968460083008,nan
AF-Q93356-F1,64249,0,0.0,0,13.639827728271484,nan,13.639827728271484,nan
AF-Q92858-F1,82006,0,0.0,0,14.897149085998535,nan,14.897149085998535,nan
AF-Q93VK8-F1,20633,0,0.0,0,11.806668281555176,nan,11.806668281555176,nan
AF-Q93NG6-F1,37891,0,0.0,0,18.540740966796875,nan,18.540740966796875,nan
AF-Q93VR3-F1,42842,0,0.0,0,48.17904281616211,nan,48.17904281616211,nan
AF-Q923A2-F1,133323,0,0.0,0,13.523849487304688,nan,13.523849487304688,nan
AF-Q95NJ8-F1,10765,0,0.0,0,11.993997573852539,nan,11.993997573852539,nan
AF-Q945P1-F1,58708,0,0.0,0,11.128610610961914,nan,11.128610610961914,nan
AF-Q94A57-F1,62078,0,0.0,0,11.848532676696777,nan,11.848532676696777,nan
AF-Q93ZB9-F1,55540,0,0.0,0,24.016651153564453,nan,24.016651153564453,nan
AF-Q95ZL9-F1,25101,0,0.0,0,10.55420970916748,nan,10.55420970916748,nan
AF-Q96BP2-F1,24457,0,0.0,0,14.835022926330566,nan,14.835022926330566,nan
AF-Q95LV1-F1,72852,0,0.0,0,20.828113555908203,nan,20.828113555908203,nan
AF-Q969E3-F1,38313,0,0.0,0,12.896230697631836,nan,12.896230697631836,nan
AF-Q96DH6-3-F1,29764,0,0.0,0,8.948192596435547,nan,8.948192596435547,nan
AF-Q96DH6-2-F1,46284,0,0.0,0,11.516006469726562,nan,11.516006469726562,nan
AF-Q96348-F1,59288,0,0.0,0,35.15969467163086,nan,35.15969467163086,nan
AF-Q93NY7-F1,129057,0,0.0,0,30.36184310913086,nan,30.36184310913086,nan
AF-Q96BT3-2-F1,70159,0,0.0,0,12.712854385375977,nan,12.712854385375977,nan
AF-Q96DI7-F1,44438,0,0.0,0,18.201290130615234,nan,18.201290130615234,nan
AF-Q96DR4-F1,27276,0,0.0,0,10.661174774169922,nan,10.661174774169922,nan
AF-Q96EW2-2-F1,33499,0,0.0,0,14.700974464416504,nan,14.700974464416504,nan
AF-Q96LX7-3-F1,23680,0,0.0,0,8.079254150390625,nan,8.079254150390625,nan
AF-Q96FV2-2-F1,39634,0,0.0,0,17.167428970336914,nan,17.167428970336914,nan
AF-Q96LR2-F1,53785,0,0.0,0,10.643942832946777,nan,10.643942832946777,nan
AF-Q99525-F1,20092,0,0.0,0,17.891616821289062,nan,17.891616821289062,nan
AF-Q97ML3-F1,35747,0,0.0,0,12.812342643737793,nan,12.812342643737793,nan
AF-Q96S94-3-F1,70373,0,0.0,0,16.499391555786133,nan,16.499391555786133,nan
AF-Q99LS1-F1,49155,0,0.0,0,18.293577194213867,nan,18.293577194213867,nan
AF-Q99LG4-F1,53782,0,0.0,0,13.957640647888184,nan,13.957640647888184,nan
AF-Q99ZM2-F1,39079,0,0.0,0,13.546029090881348,nan,13.546029090881348,nan
AF-Q9AD92-F1,14622,0,0.0,0,16.765504837036133,nan,16.765504837036133,nan
AF-Q9A6N1-F1,24080,0,0.0,0,16.563695907592773,nan,16.563695907592773,nan
AF-Q94CU5-F1,189287,0,0.0,0,15.014067649841309,nan,15.014067649841309,nan
AF-Q9ASR1-2-F1,35863,0,0.0,0,15.171406745910645,nan,15.171406745910645,nan
AF-Q99932-2-F1,113941,0,0.0,0,10.715774536132812,nan,10.715774536132812,nan
AF-Q9BQ65-3-F1,39421,0,0.0,0,13.019586563110352,nan,13.019586563110352,nan
AF-Q99107-F1,122326,0,0.0,0,15.68368911743164,nan,15.68368911743164,nan
AF-Q9AR71-F1,52279,0,0.0,0,12.244417190551758,nan,12.244417190551758,nan
AF-Q9BRJ9-F1,59592,0,0.0,0,12.138803482055664,nan,12.138803482055664,nan
AF-Q9BYZ8-2-F1,29610,0,0.0,0,10.117928504943848,nan,10.117928504943848,nan
AF-Q9BYQ8-F1,46052,0,0.0,0,17.71416473388672,nan,17.71416473388672,nan
AF-Q9BZ23-2-F1,36716,0,0.0,0,15.400084495544434,nan,15.400084495544434,nan
AF-Q9BZP6-3-F1,40328,0,0.0,0,10.344578742980957,nan,10.344578742980957,nan
AF-Q9C7I5-F1,33242,0,0.0,0,14.257046699523926,nan,14.257046699523926,nan
AF-Q9BZP6-F1,52927,0,0.0,0,19.24077606201172,nan,19.24077606201172,nan
AF-Q9C075-2-F1,60947,0,0.0,0,11.039618492126465,nan,11.039618492126465,nan
AF-Q9CPQ5-2-F1,31101,0,0.0,0,11.490148544311523,nan,11.490148544311523,nan
AF-Q9CQR4-F1,17770,0,0.0,0,11.988293647766113,nan,11.988293647766113,nan
AF-Q9C670-2-F1,79306,0,0.0,0,9.784191131591797,nan,9.784191131591797,nan
AF-Q9D1M4-F1,24720,0,0.0,0,10.761526107788086,nan,10.761526107788086,nan
AF-Q9CPQ5-F1,57894,0,0.0,0,12.347441673278809,nan,12.347441673278809,nan
AF-Q9C5H9-F1,94362,0,0.0,0,13.075053215026855,nan,13.075053215026855,nan
AF-Q9DB07-F1,64489,0,0.0,0,15.885100364685059,nan,15.885100364685059,nan
AF-Q9DCB1-3-F1,23118,0,0.0,0,11.530572891235352,nan,11.530572891235352,nan
AF-Q9C8Y4-F1,85456,0,0.0,0,13.679762840270996,nan,13.679762840270996,nan
AF-Q9DBD0-F1,81302,0,0.0,0,17.870588302612305,nan,17.870588302612305,nan
AF-Q9EQH4-3-F1,52456,0,0.0,0,11.268108367919922,nan,11.268108367919922,nan
AF-Q9C9F6-F1,165010,0,0.0,0,15.521899223327637,nan,15.521899223327637,nan
AF-Q9FIX2-F1,22137,0,0.0,0,11.000280380249023,nan,11.000280380249023,nan
AF-Q9FE25-F1,54201,0,0.0,0,18.224302291870117,nan,18.224302291870117,nan
AF-Q9ESM3-F1,48139,0,0.0,0,12.368905067443848,nan,12.368905067443848,nan
AF-Q9GKK3-3-F1,26231,0,0.0,0,13.350830078125,nan,13.350830078125,nan
AF-Q9FT54-F1,65049,0,0.0,0,12.382335662841797,nan,12.382335662841797,nan
AF-Q9H112-2-F1,22290,0,0.0,0,10.000325202941895,nan,10.000325202941895,nan
AF-Q9FLU1-F1,102370,0,0.0,0,10.306758880615234,nan,10.306758880615234,nan
AF-Q9H3C7-2-F1,48926,0,0.0,0,12.738041877746582,nan,12.738041877746582,nan
AF-Q9FT81-F1,92537,0,0.0,0,14.637255668640137,nan,14.637255668640137,nan
AF-Q9H095-2-F1,76911,0,0.0,0,14.228575706481934,nan,14.228575706481934,nan
AF-Q9HA47-4-F1,43506,0,0.0,0,22.995187759399414,nan,22.995187759399414,nan
AF-Q9H5Q4-F1,58954,0,0.0,0,29.590045928955078,nan,29.590045928955078,nan
AF-Q9JI81-F1,42008,0,0.0,0,15.740123748779297,nan,15.740123748779297,nan
AF-Q9FJK8-F1,116147,0,0.0,0,22.25238800048828,nan,22.25238800048828,nan
AF-Q9JM90-2-F1,19704,0,0.0,0,13.420851707458496,nan,13.420851707458496,nan
AF-Q9JXE3-F1,37328,0,0.0,0,11.186577796936035,nan,11.186577796936035,nan
AF-Q9HI70-F1,92715,0,0.0,0,23.002172470092773,nan,23.002172470092773,nan
AF-Q9HAQ2-2-F1,116214,0,0.0,0,19.864948272705078,nan,19.864948272705078,nan
AF-Q9KRA6-F1,32068,0,0.0,0,18.56050682067871,nan,18.56050682067871,nan
AF-Q9JJZ5-F1,98389,0,0.0,0,20.254993438720703,nan,20.254993438720703,nan
AF-Q9L4P2-F1,33656,0,0.0,0,11.346843719482422,nan,11.346843719482422,nan
AF-Q9LCU3-F1,35231,0,0.0,0,17.506183624267578,nan,17.506183624267578,nan
AF-Q9JJY4-F1,147751,0,0.0,0,50.85157775878906,nan,50.85157775878906,nan
AF-Q9LRY0-F1,46016,0,0.0,0,11.44869327545166,nan,11.44869327545166,nan
AF-Q9LQX5-2-F1,62193,0,0.0,0,13.077176094055176,nan,13.077176094055176,nan
AF-Q9LUS7-F1,31339,0,0.0,0,11.973006248474121,nan,11.973006248474121,nan
AF-Q9LTY6-F1,63126,0,0.0,0,28.113630294799805,nan,28.113630294799805,nan
AF-Q9L1I4-F1,105690,0,0.0,0,20.96968650817871,nan,20.96968650817871,nan
AF-Q9M9L6-F1,41312,0,0.0,0,17.305219650268555,nan,17.305219650268555,nan
AF-Q9M1K0-F1,51745,0,0.0,0,12.220871925354004,nan,12.220871925354004,nan
AF-Q9LYW9-F1,71478,0,0.0,0,12.501291275024414,nan,12.501291275024414,nan
AF-Q9M0K4-F1,61286,0,0.0,0,14.46902084350586,nan,14.46902084350586,nan
AF-Q9NPA3-F1,37661,0,0.0,0,14.219451904296875,nan,14.219451904296875,nan
AF-Q9NPH9-F1,28369,0,0.0,0,27.30338478088379,nan,27.30338478088379,nan
AF-Q9MA15-2-F1,75924,0,0.0,0,16.264102935791016,nan,16.264102935791016,nan
AF-Q9MA17-F1,77908,0,0.0,0,15.605613708496094,nan,15.605613708496094,nan
AF-Q9LX73-F1,121389,0,0.0,0,14.876354217529297,nan,14.876354217529297,nan
AF-Q9NWV8-2-F1,31410,0,0.0,0,14.31245231628418,nan,14.31245231628418,nan
AF-Q9LYP5-F1,133012,0,0.0,0,15.750581741333008,nan,15.750581741333008,nan
AF-Q9NX38-F1,25608,0,0.0,0,12.962919235229492,nan,12.962919235229492,nan
AF-Q9NWV8-3-F1,38804,0,0.0,0,11.67203140258789,nan,11.67203140258789,nan
AF-Q9NWV8-F1,50585,0,0.0,0,16.26384925842285,nan,16.26384925842285,nan
AF-Q9NPI8-F1,58225,0,0.0,0,19.47145652770996,nan,19.47145652770996,nan
AF-Q9NYY1-2-F1,28117,0,0.0,0,14.200912475585938,nan,14.200912475585938,nan
AF-Q9P0P8-F1,52919,0,0.0,0,13.740094184875488,nan,13.740094184875488,nan
AF-Q9PR82-F1,21872,0,0.0,0,16.388477325439453,nan,16.388477325439453,nan
AF-Q9NX45-2-F1,42665,0,0.0,0,16.808013916015625,nan,16.808013916015625,nan
AF-Q9P0M2-F1,60145,0,0.0,0,14.499702453613281,nan,14.499702453613281,nan
AF-Q9QXU7-2-F1,18701,0,0.0,0,17.855371475219727,nan,17.855371475219727,nan
AF-Q9PJW3-F1,53898,0,0.0,0,17.309953689575195,nan,17.309953689575195,nan
AF-Q9P7J1-F1,77530,0,0.0,0,13.784076690673828,nan,13.784076690673828,nan
AF-Q9QY15-2-F1,43433,0,0.0,0,59.73289108276367,nan,59.73289108276367,nan
AF-Q9R078-F1,52773,0,0.0,0,10.808255195617676,nan,10.808255195617676,nan
AF-Q9QYJ3-F1,55951,0,0.0,0,11.566937446594238,nan,11.566937446594238,nan
AF-Q9QY15-F1,67546,0,0.0,0,35.855064392089844,nan,35.855064392089844,nan
AF-Q9SBL6-F1,43927,0,0.0,0,11.567469596862793,nan,11.567469596862793,nan
AF-Q9SP02-F1,23866,0,0.0,0,14.967033386230469,nan,14.967033386230469,nan
AF-Q9P7Y9-F1,133912,0,0.0,0,21.77022933959961,nan,21.77022933959961,nan
AF-Q9RJ50-F1,50124,0,0.0,0,15.373505592346191,nan,15.373505592346191,nan
AF-Q9TZ70-F1,39247,0,0.0,0,9.068765640258789,nan,9.068765640258789,nan
AF-Q9SZP1-F1,59272,0,0.0,0,15.63316535949707,nan,15.63316535949707,nan
AF-Q9RZA4-F1,95316,0,0.0,0,16.52374267578125,nan,16.52374267578125,nan
AF-Q9U2H1-F1,52490,0,0.0,0,20.85165786743164,nan,20.85165786743164,nan
AF-Q9SF36-F1,156504,0,0.0,0,10.579373359680176,nan,10.579373359680176,nan
AF-Q9U6Y8-F1,26337,0,0.0,0,11.636630058288574,nan,11.636630058288574,nan
AF-Q9UAD0-F1,11466,0,0.0,0,13.231410026550293,nan,13.231410026550293,nan
AF-Q9UBS0-2-F1,27935,0,0.0,0,12.073565483093262,nan,12.073565483093262,nan
AF-Q9U2M5-F1,67617,0,0.0,0,15.66834545135498,nan,15.66834545135498,nan
AF-Q9U1N6-F1,79001,0,0.0,0,17.025997161865234,nan,17.025997161865234,nan
AF-Q9SZA7-F1,103945,0,0.0,0,27.12620735168457,nan,27.12620735168457,nan
AF-Q9UBU2-F1,52605,0,0.0,0,17.91153907775879,nan,17.91153907775879,nan
AF-Q9UM13-F1,26037,0,0.0,0,11.916367530822754,nan,11.916367530822754,nan
AF-Q9UHR5-2-F1,66097,0,0.0,0,10.613195419311523,nan,10.613195419311523,nan
AF-Q9SJM3-F1,188052,0,0.0,0,23.278804779052734,nan,23.278804779052734,nan
AF-Q9UK96-2-F1,62441,0,0.0,0,18.364028930664062,nan,18.364028930664062,nan
AF-Q9V0Y3-F1,21240,0,0.0,0,18.631637573242188,nan,18.631637573242188,nan
AF-Q9URV0-F1,60065,0,0.0,0,10.755741119384766,nan,10.755741119384766,nan
AF-Q9V359-F1,31594,0,0.0,0,9.884612083435059,nan,9.884612083435059,nan
AF-Q9V3J8-F1,41634,0,0.0,0,18.770891189575195,nan,18.770891189575195,nan
AF-Q9V345-F1,55327,0,0.0,0,13.285307884216309,nan,13.285307884216309,nan
AF-Q9V895-F1,45432,0,0.0,0,19.982507705688477,nan,19.982507705688477,nan
AF-Q9VET0-F1,23002,0,0.0,0,13.237937927246094,nan,13.237937927246094,nan
AF-Q9USU8-F1,117594,0,0.0,0,19.411714553833008,nan,19.411714553833008,nan
AF-Q9VRN3-F1,49661,0,0.0,0,12.643251419067383,nan,12.643251419067383,nan
AF-Q9VN93-2-F1,64898,0,0.0,0,23.145248413085938,nan,23.145248413085938,nan
AF-Q9VCN9-F1,124705,0,0.0,0,24.45807647705078,nan,24.45807647705078,nan
AF-Q9VNS0-F1,76675,0,0.0,0,14.358443260192871,nan,14.358443260192871,nan
AF-Q9VJ90-F1,110451,0,0.0,0,19.79900550842285,nan,19.79900550842285,nan
AF-Q9WVL7-F1,31740,0,0.0,0,15.436885833740234,nan,15.436885833740234,nan
AF-Q9VUB4-F1,95192,0,0.0,0,16.33997344970703,nan,16.33997344970703,nan
AF-Q9XI84-F1,66785,0,0.0,0,15.660876274108887,nan,15.660876274108887,nan
AF-Q9VSF2-F1,126874,0,0.0,0,16.1220703125,nan,16.1220703125,nan
AF-Q9Y2G2-2-F1,44051,0,0.0,0,15.450831413269043,nan,15.450831413269043,nan
AF-Q9Y2G2-6-F1,16792,0,0.0,0,8.205891609191895,nan,8.205891609191895,nan
AF-Q9Y570-3-F1,32429,0,0.0,0,9.620878219604492,nan,9.620878219604492,nan
AF-Q9Y2G2-3-F1,66239,0,0.0,0,17.72285270690918,nan,17.72285270690918,nan
AF-Q9XIL9-F1,127246,0,0.0,0,16.300329208374023,nan,16.300329208374023,nan
AF-Q9Y2G2-7-F1,59424,0,0.0,0,17.66541290283203,nan,17.66541290283203,nan
AF-Q9XHM1-F1,157319,0,0.0,0,19.64513397216797,nan,19.64513397216797,nan
AF-Q9Y2D8-2-F1,126944,0,0.0,0,13.837850570678711,nan,13.837850570678711,nan
AF-Q9Y5Q9-2-F1,68308,0,0.0,0,18.82254409790039,nan,18.82254409790039,nan
AF-Q9Y6V7-2-F1,45766,0,0.0,0,14.509527206420898,nan,14.509527206420898,nan
AF-Q9Y738-F1,51232,0,0.0,0,16.76317024230957,nan,16.76317024230957,nan
AF-Q9Z2S7-2-F1,17124,0,0.0,0,10.795689582824707,nan,10.795689582824707,nan
AF-Q9Y6V7-F1,66263,0,0.0,0,30.003406524658203,nan,30.003406524658203,nan
AF-Q9YBY9-F1,31834,0,0.0,0,25.966176986694336,nan,25.966176986694336,nan
AF-Q9ZJ19-F1,26315,0,0.0,0,23.147830963134766,nan,23.147830963134766,nan
AF-Q9ZV08-2-F1,49978,0,0.0,0,8.742853164672852,nan,8.742853164672852,nan
AF-Q9Y7N0-F1,109575,0,0.0,0,11.223539352416992,nan,11.223539352416992,nan
AF-Q9ZCB3-F1,69243,0,0.0,0,17.67476463317871,nan,17.67476463317871,nan
AF-Q9ZWM9-F1,63308,0,0.0,0,18.535465240478516,nan,18.535465240478516,nan
AF-V9HVX0-F1,10756,0,0.0,0,10.037320137023926,nan,10.037320137023926,nan
AF-Q9Y5Q9-F1,129848,0,0.0,0,39.83782958984375,nan,39.83782958984375,nan
AF-V9QEI7-F1,14397,0,0.0,0,13.458959579467773,nan,13.458959579467773,nan
AF-V6F5E5-F1,96060,0,0.0,0,19.76820945739746,nan,19.76820945739746,nan
AF-U4PCM1-2-F1,121327,0,0.0,0,10.508523941040039,nan,10.508523941040039,nan
AF-Q9Z0E2-F1,149647,0,0.0,0,15.103619575500488,nan,15.103619575500488,nan
